Title,Physical Date,PHY Date Week Num,PHY to TH,Physical W1 Units,Studio,Rating,Box Office,Franchise,Count of Awards, Action, Adventure,Animation, Biography, Comedy, Crime,Documentary, Drama, Family, Fantasy, History, Horror, Music, Musical, Mystery, Romance, Sci-Fi, Short, Sport, Thriller, War, Western
10 CLOVERFIELD LANE,6/14/2016,25,95,105646,Paramount Pictures,PG-13,72082998,0,0,0,0,0,0,0,0,0,1,0,0,0,1,0,0,1,0,1,0,0,1,0,0
12 STRONG,5/1/2018,18,102,136730,Warner Bros.,R,45500164,0,0,1,0,0,0,0,0,0,1,0,0,1,0,0,0,0,0,0,0,0,0,1,0
15:17 TO PARIS,5/22/2018,21,102,48168,Warner Bros.,PG-13,36250957,0,0,0,0,0,1,0,0,0,1,0,0,0,0,0,0,0,0,0,0,0,0,0,0
22 JUMP STREET,11/18/2014,47,158,305107,Sony Pictures,R,191719337,1,0,1,0,0,0,1,1,0,0,0,0,0,0,0,0,0,0,0,0,0,0,0,0
300-RISE OF AN EMPIRE,6/24/2014,26,109,425500,Warner Bros.,R,87125205,1,0,1,0,0,0,0,0,0,0,0,1,0,0,0,0,0,0,0,0,0,0,1,0
33,2/16/2016,8,95,42274,Warner Bros.,PG-13,12227722,0,0,0,0,0,1,0,0,0,1,0,0,1,0,0,0,0,0,0,0,0,0,0,0
45 YEARS,6/14/2016,25,291,1352,Paramount Pictures,R,4247285,0,2,0,0,0,0,0,0,0,1,0,0,0,0,0,0,0,1,0,0,0,0,0,0
47 METERS DOWN,9/26/2017,39,102,65422,Lionsgate,PG-13,44307192,0,0,0,1,0,0,0,0,0,1,0,0,0,1,0,0,0,0,0,0,0,1,0,0
5TH WAVE,5/3/2016,19,102,134695,Sony Pictures,PG-13,34916787,0,0,1,1,0,0,0,0,0,0,0,0,0,0,0,0,0,0,1,0,0,1,0,0
7 DAYS IN ENTEBBE,7/3/2018,27,109,6387,Universal Studios,PG-13,3326885,0,0,1,0,0,0,0,1,0,1,0,0,1,0,0,0,0,0,0,0,0,1,0,0
90 MINUTES IN HEAVEN,12/1/2015,49,81,16247,Universal Studios,PG-13,4842699,0,0,0,0,0,0,0,0,0,1,0,0,0,0,0,0,0,0,0,0,0,0,0,0
ABOUT LAST NIGHT,5/20/2014,21,95,81906,Sony Pictures,R,48637684,0,0,0,0,0,0,1,0,0,0,0,0,0,0,0,0,0,1,0,0,0,0,0,0
ABSOLUTELY FABULOUS,11/29/2016,49,130,10168,20th Century Fox,R,4772155,0,0,0,0,0,0,1,1,0,0,0,0,0,0,0,0,0,0,0,0,0,0,0,0
ACCOUNTANT,1/10/2017,2,88,260765,Warner Bros.,R,86260045,0,0,1,0,0,0,0,1,0,1,0,0,0,0,0,0,0,0,0,0,0,1,0,0
ACTION POINT,8/21/2018,34,81,6658,Paramount Pictures,R,5059608,0,0,0,0,0,0,1,0,0,0,0,0,0,0,0,0,0,0,0,0,0,0,0,0
ADDICTED,2/10/2015,7,123,76303,Lionsgate,R,17390770,0,0,0,0,0,0,0,0,0,1,0,0,0,0,0,0,0,0,0,0,0,1,0,0
ADRIFT,9/4/2018,36,95,27507,Universal Studios,PG-13,31445011,0,0,1,1,0,1,0,0,0,1,0,0,0,0,0,0,0,1,0,0,0,1,0,0
AGE OF ADALINE,9/8/2015,37,137,111910,Lionsgate,PG-13,42629776,0,0,0,0,0,0,0,0,0,1,0,1,0,0,0,0,0,1,0,0,0,0,0,0
ALEXANDER AND THE TERRIBLE NO,2/10/2015,7,123,265901,Walt Disney Studios,PG,66954149,0,0,0,0,0,0,1,0,0,0,1,0,0,0,0,0,0,0,0,0,0,0,0,0
ALICE THROUGH THE LOOKING GLASS,10/18/2016,43,144,185002,Walt Disney Studios,PG,69762747,0,0,0,1,0,0,0,0,0,0,1,1,0,0,0,0,0,0,0,0,0,0,0,0
ALIEN-COVENANT,8/15/2017,33,88,356012,20th Century Fox,R,74262031,1,0,0,0,0,0,0,0,0,0,0,0,0,1,0,0,0,0,1,0,0,1,0,0
ALL EYEZ ON ME,9/5/2017,36,81,64099,Lionsgate,R,44922302,0,0,0,0,0,1,0,0,0,1,0,0,0,0,1,0,0,0,0,0,0,0,0,0
ALL SAINTS,12/12/2017,50,109,10178,Sony Pictures,PG,5782529,0,0,0,0,0,0,0,0,0,1,0,0,0,0,0,0,0,0,0,0,0,0,0,0
ALL THE MONEY IN THE WORLD,4/10/2018,15,106,26929,Sony Pictures,R,25113707,0,0,0,0,0,1,0,1,0,1,0,0,0,0,0,0,1,0,0,0,0,1,0,0
ALLIED,2/28/2017,9,97,71514,Paramount Pictures,R,40098064,0,0,1,0,0,0,0,0,0,1,0,0,0,0,0,0,0,1,0,0,0,1,1,0
ALMOST CHRISTMAS,2/7/2017,6,88,45723,Universal Studios,PG-13,42158780,0,0,0,0,0,0,1,0,0,1,0,0,0,0,0,0,0,0,0,0,0,0,0,0
ALOHA,8/25/2015,35,88,73453,Sony Pictures,PG-13,21052030,0,0,0,0,0,0,1,0,0,1,0,0,0,0,0,0,0,1,0,0,0,0,0,0
ALPHA,11/13/2018,46,88,39243,Sony Pictures,PG-13,38857181,0,0,0,1,0,0,0,0,0,1,1,0,0,0,0,0,0,0,0,0,0,0,0,0
ALVIN AND THE CHIPMUNKS-ROAD CHIP,3/15/2016,12,88,277148,20th Century Fox,PG,85886987,1,0,0,1,1,0,1,0,0,0,1,1,0,0,1,0,0,0,0,0,0,0,0,0
AMAZING SPIDER-MAN 2,8/19/2014,34,109,668835,Sony Pictures,PG-13,177904290,1,0,1,1,0,0,0,0,0,0,0,0,0,0,0,0,0,0,1,0,0,0,0,0
AMERICAN ANIMALS,8/28/2018,35,88,2740,Lionsgate,R,2856739,0,0,0,0,0,0,0,1,0,1,0,0,0,0,0,0,0,0,0,0,0,0,0,0
AMERICAN ASSASSIN,12/5/2017,49,81,129687,Lionsgate,R,36249674,0,0,1,0,0,0,0,0,0,0,0,0,0,0,0,0,0,0,0,0,0,1,0,0
AMERICAN MADE,1/2/2018,1,95,101149,Universal Studios,R,51342000,0,0,1,0,0,1,1,1,0,0,0,0,0,0,0,0,0,0,0,0,0,1,0,0
AMERICAN SNIPER,5/19/2015,21,123,1493386,Warner Bros.,R,350126372,0,1,1,0,0,1,0,0,0,1,0,0,1,0,0,0,0,0,0,0,0,1,1,0
AMERICAN ULTRA,11/24/2015,48,95,63579,Lionsgate,R,14440985,0,0,1,0,0,0,1,0,0,0,0,0,0,0,0,0,0,0,1,0,0,0,0,0
AND SO IT GOES,11/18/2014,47,116,24361,20th Century Fox,PG-13,15160801,0,0,0,0,0,0,1,0,0,1,0,0,0,0,0,0,0,1,0,0,0,0,0,0
ANGRY BIRDS,8/16/2016,34,88,279990,Sony Pictures,PG,101541547,1,0,1,1,1,0,1,0,0,0,1,0,0,0,0,0,0,0,0,0,0,0,0,0
ANNABELLE,1/20/2015,4,109,173440,Warner Bros.,R,84273813,1,0,0,0,0,0,0,0,0,0,0,0,0,1,0,0,1,0,0,0,0,1,0,0
ANNABELLE: CREATION,10/24/2017,43,74,74424,Warner Bros.,R,102092201,1,0,0,0,0,0,0,0,0,0,0,0,0,1,0,0,1,0,0,0,0,1,0,0
ANNIE-2015,3/17/2015,12,88,231995,Sony Pictures,PG,85911262,0,0,0,0,0,0,1,0,0,1,1,0,0,0,1,1,0,0,0,0,0,0,0,0
ANNIHILATION,5/29/2018,22,95,104733,Paramount Pictures,R,32732301,0,0,0,1,0,0,0,0,0,1,0,0,0,1,0,0,1,0,1,0,0,1,0,0
ANOMALISA,6/7/2016,24,160,3017,Paramount Pictures,R,3759286,0,3,0,0,1,0,1,0,0,1,0,0,0,0,0,0,0,1,0,0,0,0,0,0
ANTHROPOID,11/1/2016,45,53,8139,Universal Studios,R,2964845,0,0,0,0,0,1,0,0,0,0,0,0,1,0,0,0,0,0,0,0,0,1,1,0
ANT-MAN,12/8/2015,50,144,831041,Walt Disney Studios,PG-13,161953355,1,0,1,1,0,0,1,0,0,0,0,0,0,0,0,0,0,0,1,0,0,0,0,0
ANT-MAN AND THE WASP,10/16/2018,42,102,616741,Walt Disney Studios,PG-13,216648740,1,0,1,1,0,0,1,0,0,0,0,0,0,0,0,0,0,0,1,0,0,0,0,0
ARRIVAL,2/14/2017,7,95,284407,Paramount Pictures,PG-13,100546139,0,2,0,0,0,0,0,0,0,1,0,0,0,0,0,0,1,0,1,0,0,1,0,0
AS ABOVE SO BELOW,12/2/2014,49,95,31462,Universal Studios,R,21222315,0,0,0,0,0,0,0,0,0,0,0,0,0,1,0,0,1,0,0,0,0,1,0,0
ASSASSINS CREED,3/21/2017,12,90,268174,20th Century Fox,PG-13,50121894,0,0,1,1,0,0,0,0,0,0,0,0,0,0,0,0,0,0,1,0,0,0,0,0
ATOMIC BLONDE,11/14/2017,46,109,175176,Universal Studios,R,51687870,0,0,1,0,0,0,0,0,0,0,0,0,0,0,0,0,1,0,0,0,0,1,0,0
AVENGERS - AGE OF ULTRON,10/2/2015,40,154,2014962,Walt Disney Studios,PG-13,405561032,1,0,1,1,0,0,0,0,0,0,0,0,0,0,0,0,0,0,1,0,0,0,0,0
AVENGERS: INFINITY WAR,8/14/2018,33,109,1828735,Walt Disney Studios,PG-13,639723074,1,0,1,1,0,0,0,0,0,0,0,1,0,0,0,0,0,0,1,0,0,0,0,0
BABY DRIVER,10/10/2017,41,104,177596,Sony Pictures,R,107816745,0,0,1,0,0,0,0,1,0,1,0,0,0,0,1,0,0,0,0,0,0,1,0,0
BAD MOMS,11/1/2016,45,95,214780,Universal Studios,R,113257297,0,0,0,0,0,0,1,0,0,0,0,0,0,0,0,0,0,0,0,0,0,0,0,0
BAD SANTA 2,2/21/2017,8,90,21956,Universal Studios,R,17782177,1,0,0,0,0,0,1,1,0,1,0,0,0,0,0,0,0,0,0,0,0,0,0,0
BAD WORDS,7/8/2014,28,116,27764,Universal Studios,R,7779163,0,0,0,0,0,0,1,0,0,1,0,0,0,0,0,0,0,0,0,0,0,0,0,0
BATMAN V SUPERMAN-DAWN OF JUSTICE,7/19/2016,30,116,1007920,Warner Bros.,PG-13,291475033,1,0,1,1,0,0,0,0,0,0,0,1,0,0,0,0,0,0,1,0,0,0,0,0
BATTLE OF THE SEXES,1/2/2018,1,102,10463,20th Century Fox,PG-13,12638526,0,0,0,0,0,1,1,0,0,1,0,0,0,0,0,0,0,0,0,0,1,0,0,0
BAYWATCH,8/29/2017,35,96,156525,Paramount Pictures,R,58060186,1,0,1,0,0,0,1,1,0,0,0,0,0,0,0,0,0,0,0,0,0,0,0,0
BEARS,8/12/2014,33,116,28257,Walt Disney Studios,G,17780194,0,0,0,0,0,0,0,0,1,0,0,0,0,0,0,0,0,0,0,0,0,0,0,0
BEATRIZ AT DINNER,9/12/2017,37,95,2906,Lionsgate,R,7115854,0,0,0,0,0,0,1,0,0,1,0,0,0,0,0,0,0,0,0,0,0,0,0,0
BEAUTY AND THE BEAST,6/6/2017,23,81,2015184,Walt Disney Studios,PG,475779348,1,0,0,0,0,0,0,0,0,0,1,1,0,0,1,1,0,1,0,0,0,0,0,0
BEFORE I FALL,5/30/2017,22,88,16064,Universal Studios,PG-13,12241072,0,0,0,0,0,0,0,0,0,1,0,1,0,0,0,0,1,0,0,0,0,0,0,0
BEFORE I GO TO SLEEP,1/27/2015,5,88,18746,20th Century Fox,R,3242457,0,0,0,0,0,0,0,0,0,1,0,0,0,1,0,0,1,0,0,0,0,1,0,0
BEGIN AGAIN,10/28/2014,44,109,36484,OTHER,R,16170632,0,0,0,0,0,0,1,0,0,1,0,0,0,0,1,0,0,1,0,0,0,0,0,0
BEGUILED,10/10/2017,41,102,14604,Universal Studios,R,10709995,0,0,0,0,0,0,0,0,0,1,0,0,0,0,0,0,0,0,0,0,0,1,0,0
BEIRUT,7/3/2018,27,83,7275,Universal Studios,R,5019225,0,0,0,0,0,0,0,1,0,1,0,0,0,0,0,0,0,0,0,0,0,1,0,0
BELKO EXPERIMENT,6/27/2017,26,102,13263,MGM,R,10166820,0,0,1,0,0,0,0,0,0,0,0,0,0,1,0,0,0,0,0,0,0,1,0,0
BELLE,8/26/2014,35,74,11335,20th Century Fox,PG,10726630,0,0,0,0,0,1,0,0,0,1,0,0,0,0,0,0,0,1,0,0,0,0,0,0
BFG,11/29/2016,49,151,210350,Walt Disney Studios,PG,52363787,0,0,0,1,0,0,0,0,0,0,1,1,0,0,0,0,0,0,0,0,0,0,0,0
BIG EYES,4/14/2015,16,110,39372,OTHER,PG-13,14482031,0,1,0,0,0,1,0,1,0,1,0,0,0,0,0,0,0,1,0,0,0,0,0,0
BIG HERO 6,2/24/2015,9,109,1890612,Walt Disney Studios,PG,208451126,0,2,1,1,1,0,1,0,0,1,1,0,0,0,0,0,0,0,1,0,0,0,0,0
BIG SHORT,3/15/2016,12,95,77275,Paramount Pictures,R,70259870,0,6,0,0,0,1,1,0,0,1,0,0,1,0,0,0,0,0,0,0,0,0,0,0
BIG SICK,9/19/2017,38,88,15270,Lionsgate,R,42872467,0,0,0,0,0,0,1,0,0,1,0,0,0,0,0,0,0,1,0,0,0,0,0,0
BIGGER SPLASH,9/6/2016,37,125,706,20th Century Fox,R,2024099,0,0,0,0,0,0,0,0,0,1,0,0,0,0,0,0,0,0,0,0,0,1,0,0
BIRDMAN,2/17/2015,8,123,97989,20th Century Fox,R,42340598,0,19,0,0,0,0,1,0,0,1,0,0,0,0,0,0,0,0,0,0,0,0,0,0
BIRTH OF A NATION-2016,1/10/2017,2,95,33624,20th Century Fox,R,15861566,0,0,0,0,0,0,0,0,0,1,0,0,1,0,0,0,0,0,0,0,0,0,1,0
BIRTH OF THE DRAGON,11/21/2017,47,88,21310,Universal Studios,PG-13,6901965,0,0,1,0,0,1,0,0,0,1,0,0,0,0,0,0,0,0,0,0,0,0,0,0
BLACK MASS,2/16/2016,8,151,165818,Warner Bros.,R,62575678,0,0,0,0,0,1,0,1,0,1,0,0,0,0,0,0,0,0,0,0,0,0,0,0
BLACK PANTHER,5/15/2018,20,88,1633703,Walt Disney Studios,PG-13,665642897,1,0,1,1,0,0,0,0,0,0,0,0,0,0,0,0,0,0,1,0,0,0,0,0
BLACKHAT,5/12/2015,20,116,53634,Universal Studios,R,8005980,0,0,1,0,0,0,0,1,0,0,0,0,0,0,0,0,0,0,0,0,0,1,0,0
BLACKKKLANSMAN,11/6/2018,45,88,26793,OTHER,R,48527565,0,0,0,0,0,1,0,1,0,1,0,0,0,0,0,0,0,0,0,0,0,0,0,0
BLADE RUNNER 2049,1/16/2018,3,102,296711,Warner Bros.,R,87671016,1,0,0,0,0,0,0,0,0,1,0,0,0,0,0,0,1,0,1,0,0,1,0,0
BLAIR WITCH,1/3/2017,1,109,40318,Lionsgate,R,20777061,1,0,0,0,0,0,0,0,0,0,0,0,0,1,0,0,0,0,0,0,0,1,0,0
BLEED FOR THIS,2/14/2017,7,88,19619,Universal Studios,R,5083906,0,0,0,0,0,1,0,0,0,1,0,0,0,0,0,0,0,0,0,0,1,0,0,0
BLENDED,8/26/2014,35,95,161071,Warner Bros.,PG-13,46294610,0,0,0,0,0,0,1,0,0,0,0,0,0,0,0,0,0,1,0,0,0,0,0,0
BLINDSPOTTING,11/20/2018,47,116,8215,OTHER,R,4333394,0,0,0,0,0,0,1,1,0,1,0,0,0,0,0,0,0,0,0,0,0,0,0,0
BLOCKERS,7/3/2018,27,88,96251,Universal Studios,R,60147900,0,0,0,0,0,0,1,0,0,0,0,0,0,0,0,0,0,0,0,0,0,0,0,0
BOO 2-A MADEA HALLOWEEN,1/30/2018,5,102,139252,Lionsgate,PG-13,47319572,1,0,0,0,0,0,1,0,0,0,0,0,0,1,0,0,0,0,0,0,0,0,0,0
BOO-A MADEA HALLOWEEN,1/31/2017,5,102,236754,Lionsgate,PG-13,73206343,1,0,0,0,0,0,1,0,0,0,0,0,0,1,0,0,0,0,0,0,0,0,0,0
BOOK CLUB,8/28/2018,35,102,145914,Paramount Pictures,PG-13,68566296,0,0,0,0,0,0,1,0,0,1,0,0,0,0,0,0,0,1,0,0,0,0,0,0
BOOK OF HENRY,10/3/2017,40,109,2542,Universal Studios,PG-13,4504974,0,0,0,0,0,0,0,1,0,1,0,0,0,0,0,0,0,0,0,0,0,1,0,0
BOOK OF LIFE,1/27/2015,5,102,221748,20th Century Fox,PG,46350021,0,0,0,1,1,0,1,0,0,0,1,1,0,0,1,1,0,1,0,0,0,0,0,0
BORN IN CHINA,8/29/2017,35,130,3492,Walt Disney Studios,G,13873211,0,0,0,0,0,0,0,0,1,0,0,0,0,0,0,0,0,0,0,0,0,0,0,0
BOSS,7/26/2016,31,109,110622,Universal Studios,R,63285885,0,0,0,0,0,0,1,0,0,0,0,0,0,0,0,0,0,0,0,0,0,0,0,0
BOSS BABY,7/25/2017,30,116,468737,DreamWorks,PG,168328347,0,0,0,1,1,0,1,0,0,0,1,1,0,0,0,0,0,0,0,0,0,0,0,0
BOXTROLLS,1/20/2015,4,116,222357,Universal Studios,PG,47140014,0,0,0,1,1,0,1,0,0,0,1,1,0,0,0,0,0,0,0,0,0,0,0,0
BOY,5/10/2016,20,109,52284,Universal Studios,PG-13,35819556,0,0,0,0,0,0,0,0,0,0,0,0,0,1,0,0,1,0,0,0,0,1,0,0
BOY NEXT DOOR,4/28/2015,18,95,96743,Universal Studios,R,36006065,0,0,0,0,0,0,0,0,0,1,0,0,0,1,0,0,0,1,0,0,0,1,0,0
BOYHOOD,1/6/2015,2,144,36688,Paramount Pictures,R,25361987,0,12,0,0,0,0,0,0,0,1,0,0,0,0,0,0,0,0,0,0,0,0,0,0
BRAD'S STATUS,1/2/2018,1,109,2178,Universal Studios,R,2133158,0,0,0,0,0,0,1,0,0,1,0,0,0,0,1,0,0,0,0,0,0,0,0,0
BREAKING IN,8/7/2018,32,88,50974,Universal Studios,PG-13,46535850,0,0,1,0,0,0,0,1,0,1,0,0,0,0,0,0,0,0,0,0,0,1,0,0
BRIDGE OF SPIES,2/2/2016,6,109,174262,Walt Disney Studios,PG-13,72313754,0,5,0,0,0,0,0,0,0,1,0,0,1,0,0,0,0,0,0,0,0,1,0,0
BROOKLYN,3/15/2016,12,111,45674,20th Century Fox,PG-13,38322743,0,4,0,0,0,0,0,0,0,1,0,0,0,0,0,0,0,1,0,0,0,0,0,0
BROTHERS GRIMSBY,6/21/2016,26,102,21013,Sony Pictures,R,6874837,0,0,1,1,0,0,1,1,0,0,0,0,0,0,0,0,0,0,0,0,0,1,0,0
BURNT,1/26/2016,5,88,43878,OTHER,R,13651946,0,0,0,0,0,0,1,0,0,1,0,0,0,0,0,0,0,0,0,0,0,0,0,0
BYE BYE MAN,4/11/2017,15,88,33581,Universal Studios,PG-13,22395806,0,0,0,0,0,0,0,0,0,1,0,1,0,1,0,0,1,0,0,0,0,1,0,0
CALL ME BY YOUR NAME,3/13/2018,11,109,43176,Sony Pictures,R,18095701,0,0,0,0,0,0,0,0,0,1,0,0,0,0,0,0,0,1,0,0,0,0,0,0
CALVARY,12/9/2014,50,242,1880,20th Century Fox,R,3600006,0,0,0,0,0,0,0,0,0,1,0,0,0,0,0,0,0,0,0,0,0,0,0,0
CANTINFLAS,12/2/2014,49,95,4618,Lionsgate,PG,6382924,0,0,0,0,0,1,1,0,0,1,0,0,0,0,0,0,0,1,0,0,0,0,0,0
CAPTAIN AMERICA-CIVIL WAR,9/13/2016,38,130,1324665,Walt Disney Studios,PG-13,367286981,1,0,1,1,0,0,0,0,0,0,0,0,0,0,0,0,0,0,1,0,0,0,0,0
CAPTAIN AMERICA-WINTER SOLDIER,9/9/2014,37,158,1439023,Walt Disney Studios,PG-13,231769678,1,0,1,1,0,0,0,0,0,0,0,0,0,0,0,0,0,0,1,0,0,1,0,0
CAPTAIN FANTASTIC,10/25/2016,44,88,8859,Universal Studios,R,5879734,0,0,0,0,0,0,1,0,0,1,0,0,0,0,0,0,0,0,0,0,0,0,0,0
CAPTAIN UNDERPANTS,9/12/2017,37,102,178108,DreamWorks,PG,71601752,1,0,1,0,1,0,1,0,0,0,1,0,0,0,0,0,0,0,0,0,0,0,0,0
CAPTIVE,1/5/2016,2,109,5689,Paramount Pictures,PG-13,2583301,0,0,1,0,0,0,0,1,0,1,0,0,0,0,0,0,0,0,0,0,0,1,0,0
CAROL,3/15/2016,12,60,28352,OTHER,R,12711491,0,4,0,0,0,0,0,0,0,1,0,0,0,0,0,0,0,1,0,0,0,0,0,0
CASE FOR CHRIST,8/15/2017,33,130,65352,Universal Studios,PG,14682684,0,0,0,0,0,1,0,0,0,1,0,0,1,0,0,0,0,0,0,0,0,0,0,0
CENTRAL INTELLIGENCE,9/27/2016,40,102,210483,Warner Bros.,PG-13,127440871,0,0,1,0,0,0,1,1,0,0,0,0,0,0,0,0,0,0,0,0,0,0,0,0
CESAR CHAVEZ,7/22/2014,30,116,7053,Lionsgate,PG-13,5571497,0,0,0,0,0,1,0,0,0,1,0,0,0,0,0,0,0,0,0,0,0,0,0,0
CHAPPAQUIDDICK,7/10/2018,28,95,20655,Lionsgate,PG-13,17395520,0,0,0,0,0,0,0,0,0,1,0,0,1,0,0,0,0,0,0,0,0,1,0,0
CHAPPIE,6/16/2015,25,102,153139,Sony Pictures,R,31569268,0,0,1,0,0,0,0,1,0,1,0,0,0,0,0,0,0,0,1,0,0,1,0,0
CHEF,9/30/2014,40,123,49591,Universal Studios,R,31424004,0,0,0,1,0,0,1,0,0,1,0,0,0,0,0,0,0,0,0,0,0,0,0,0
CHIPS,6/27/2017,26,95,82424,Warner Bros.,R,18600152,1,0,1,0,0,0,1,1,0,0,0,0,0,0,0,0,0,0,0,0,0,0,0,0
CHI-RAQ,1/26/2016,5,53,11791,Lionsgate,R,2653032,0,0,0,0,0,0,1,1,0,1,0,0,0,0,1,1,0,0,0,0,0,0,0,0
CHOICE,5/3/2016,19,88,99592,Lionsgate,PG-13,18730891,0,0,0,0,0,0,0,0,0,1,0,0,0,0,0,0,0,1,0,0,0,0,0,0
CHRISTOPHER ROBIN,11/6/2018,45,95,210776,Walt Disney Studios,PG,99215042,0,0,0,1,1,0,1,0,0,1,1,1,0,0,0,0,0,0,0,0,0,0,0,0
CINDERELLA-2015,9/15/2015,38,186,690177,Walt Disney Studios,PG,201151353,0,0,0,0,0,0,0,0,0,1,1,1,0,0,0,0,0,1,0,0,0,0,0,0
CIRCLE,8/1/2017,31,95,47612,Lionsgate,PG-13,20497844,0,0,0,0,0,0,0,0,0,1,0,0,0,0,0,0,0,0,1,0,0,1,0,0
COCO,2/27/2018,9,97,977958,Walt Disney Studios,PG,208950438,0,0,0,1,1,0,1,0,0,0,1,1,0,0,1,0,1,0,0,0,0,0,0,0
COLLATERAL BEAUTY,3/14/2017,11,88,56527,Warner Bros.,PG-13,31016021,0,0,0,0,0,0,0,0,0,1,0,0,0,0,0,0,0,1,0,0,0,0,0,0
COLLIDE,5/30/2017,22,95,11396,Universal Studios,PG-13,2280004,0,0,1,0,0,0,0,1,0,0,0,0,0,0,0,0,0,0,0,0,0,1,0,0
COLOSSAL,8/1/2017,31,116,7872,Universal Studios,R,3029287,0,0,0,0,0,0,1,0,0,1,0,1,0,0,0,0,0,0,1,0,0,1,0,0
COMMUTER,4/17/2018,16,95,109353,Lionsgate,PG-13,36343858,0,0,1,0,0,0,0,1,0,1,0,0,0,0,0,0,1,0,0,0,0,1,0,0
COMPADRES,9/6/2016,37,159,172,Lionsgate,R,3127773,0,0,1,0,0,0,1,1,0,0,0,0,0,0,0,0,0,0,0,0,0,0,0,0
CONJURING 2,9/13/2016,38,95,123001,Warner Bros.,R,102470008,1,0,0,0,0,0,0,0,0,0,0,0,0,1,0,0,1,0,0,0,0,1,0,0
CRAZY RICH ASIANS,11/20/2018,47,97,126382,Warner Bros.,PG-13,17453292,1,0,0,0,0,0,1,0,0,0,0,0,0,0,0,0,0,1,0,0,0,0,0,0
CREED,3/1/2016,10,97,423652,Warner Bros.,PG-13,109767581,1,3,0,0,0,0,0,0,0,1,0,0,0,0,0,0,0,0,0,0,1,0,0,0
CRIMINAL,7/26/2016,31,102,67961,Lionsgate,R,14708696,0,0,1,0,0,0,0,1,0,1,0,0,0,0,0,0,1,0,1,0,0,1,0,0
CRIMSON PEAK,2/9/2016,7,116,72198,Universal Studios,R,31090320,0,0,0,0,0,0,0,0,0,1,0,1,0,1,0,0,1,1,0,0,0,1,0,0
CURE FOR WELLNESS,6/6/2017,23,109,23880,20th Century Fox,R,8106986,0,0,0,0,0,0,0,0,0,1,0,1,0,1,0,0,1,0,1,0,0,1,0,0
DADDYS HOME,3/22/2016,13,88,303430,Paramount Pictures,PG-13,150357137,1,0,0,0,0,0,1,0,0,0,0,0,0,0,0,0,0,0,0,0,0,0,0,0
DADDY'S HOME 2,2/20/2018,8,102,193119,Paramount Pictures ,PG-13,104029443,1,0,0,0,0,0,1,0,0,0,0,0,0,0,0,0,0,0,0,0,0,0,0,0
DANISH GIRL,3/1/2016,10,95,21349,Universal Studios,R,11114018,0,2,0,0,0,1,0,0,0,1,0,0,1,0,0,0,0,1,0,0,0,0,0,0
DANNY COLLINS,6/30/2015,27,81,7943,Universal Studios,R,5637066,0,0,0,0,0,1,1,0,0,1,0,0,0,0,1,0,0,0,0,0,0,0,0,0
DARK TOWER,10/31/2017,44,88,195939,Sony Pictures,PG-13,50692621,0,0,1,1,0,0,0,0,0,0,0,1,0,1,0,0,0,0,1,0,0,0,0,1
DARKEST HOUR-2017,2/27/2018,9,67,78088,Universal Studios,PG-13,56468410,0,0,0,0,0,1,0,0,0,1,0,0,1,0,0,0,0,0,0,0,0,0,1,0
DAWN OF THE PLANET OF THE APES,12/2/2014,49,144,569762,20th Century Fox,PG-13,188142749,1,0,1,1,0,0,0,0,0,1,0,0,0,0,0,0,0,0,1,0,0,0,0,0
DEADPOOL,5/10/2016,20,88,1794984,20th Century Fox,R,363070709,1,0,1,1,0,0,1,0,0,0,0,0,0,0,0,0,0,0,1,0,0,0,0,0
DEADPOOL 2,8/21/2018,34,95,944573,20th Century Fox,R,318491426,1,0,1,1,0,0,1,0,0,0,0,0,0,0,0,0,0,0,1,0,0,0,0,0
DEAR WHITE PEOPLE,2/3/2015,6,109,10445,Lionsgate,R,4404154,0,1,0,0,0,0,1,0,0,1,0,0,0,0,0,0,0,1,0,0,0,0,0,0
DEATH OF STALIN,6/19/2018,25,102,1714,Paramount Pictures,R,8041432,0,0,0,0,0,0,1,0,0,1,0,0,1,0,0,0,0,0,0,0,0,0,1,0
DEATH WISH,6/5/2018,23,95,105830,MGM,R,34017028,1,0,1,0,0,0,0,1,0,1,0,0,0,0,0,0,0,0,0,0,0,1,0,0
DEEPWATER HORIZON,1/10/2017,2,102,278991,Lionsgate,PG-13,61433527,0,0,1,0,0,0,0,0,0,1,0,0,1,0,0,0,0,0,0,0,0,1,0,0
DELIVER US FROM EVIL,10/28/2014,44,118,63754,Sony Pictures,R,30577122,0,0,0,0,0,0,0,0,0,0,0,0,0,1,0,0,1,0,0,0,0,1,0,0
DEN OF THIEVES,4/24/2018,17,95,81693,Universal Studios,R,44947622,0,0,1,0,0,0,0,1,0,1,0,0,0,0,0,0,1,0,0,0,0,1,0,0
DENIAL,1/3/2017,1,74,5656,Universal Studios,PG-13,4073489,0,0,0,0,0,1,0,0,0,1,0,0,0,0,0,0,0,0,0,0,0,0,0,0
DESIERTO,2/7/2017,6,300,7560,Universal Studios,R,2002036,0,0,0,0,0,0,0,0,0,1,0,0,0,0,0,0,0,0,0,0,0,1,0,0
DESPICABLE ME 3,12/5/2017,49,158,726856,Universal Studios,PG,256222368,1,0,1,1,1,0,1,0,0,0,1,1,0,0,0,0,0,0,1,0,0,0,0,0
DETROIT,12/12/2017,50,137,24176,20th Century Fox,R,16790139,0,0,0,0,0,0,0,1,0,1,0,0,1,0,0,0,0,0,0,0,0,1,0,0
DEVILS DUE,4/29/2014,18,102,41670,20th Century Fox,R,15821461,0,0,0,0,0,0,0,0,0,0,0,0,0,1,0,0,1,0,0,0,0,1,0,0
DIARY OF A WIMPY KID-LONG HAUL,8/8/2017,32,81,36697,20th Century Fox,PG,20738724,1,0,0,0,0,0,1,0,0,0,1,0,0,0,0,0,0,0,0,0,0,0,0,0
DIRTY GRANDPA,5/17/2016,21,116,110059,Lionsgate,R,35593113,0,0,0,0,0,0,1,0,0,0,0,0,0,0,0,0,0,0,0,0,0,0,0,0
DISOBEDIENCE,7/17/2018,29,81,3566,Universal Studios,R,3480702,0,0,0,0,0,0,0,0,0,1,0,0,0,0,0,0,0,1,0,0,0,0,0,0
DIVERGENT,8/5/2014,32,137,881039,Lionsgate,PG-13,150947895,1,0,1,1,0,0,0,0,0,0,0,0,0,0,0,0,1,0,1,0,0,0,0,0
DOCTOR STRANGE,2/28/2017,9,116,910943,Walt Disney Studios,PG-13,203184327,1,0,1,1,0,0,0,0,0,0,0,1,0,0,0,0,0,0,1,0,0,0,0,0
DOGS PURPOSE,5/2/2017,18,95,187735,Universal Studios,PG,64508620,0,0,0,1,0,0,1,0,0,1,1,1,0,0,0,0,0,0,0,0,0,0,0,0
DOLPHIN TALE 2,12/9/2014,50,88,212462,Warner Bros.,PG,42024533,1,0,0,0,0,0,0,0,0,1,1,0,0,0,0,0,0,0,0,0,0,0,0,0
DONT BREATHE,11/29/2016,49,95,147231,Sony Pictures,R,89217875,0,0,0,0,0,0,0,1,0,0,0,0,0,1,0,0,0,0,0,0,0,1,0,0
DONT THINK TWICE,12/6/2016,50,137,2509,Universal Studios,R,4417667,0,0,0,0,0,0,1,0,0,1,0,0,0,0,0,0,0,0,0,0,0,0,0,0
DOPE,10/13/2015,42,116,22330,Universal Studios,R,17506470,0,0,0,0,0,0,1,1,0,1,0,0,0,0,0,0,0,0,0,0,0,0,0,0
DOWNSIZING,3/20/2018,12,88,52134,Paramount Pictures,R,24449754,0,0,0,0,0,0,0,0,0,1,0,0,0,0,0,0,0,0,1,0,0,0,0,0
DRACULA UNTOLD,2/3/2015,6,116,351204,Universal Studios,PG-13,56280355,0,0,1,0,0,0,0,0,0,1,0,1,0,1,0,0,0,0,0,0,0,0,1,0
DRAFT DAY,9/2/2014,36,144,133521,Lionsgate,PG-13,28842237,0,0,0,0,0,0,0,0,0,1,0,0,0,0,0,0,0,0,0,0,1,0,0,0
DRESSMAKER,12/27/2016,53,425,9056,Universal Studios,R,2022115,0,0,0,0,0,0,1,0,0,1,0,0,0,0,0,0,0,0,0,0,0,0,0,0
DROP,1/20/2015,4,130,43694,20th Century Fox,R,10724389,0,0,0,0,0,0,0,1,0,1,0,0,0,0,0,0,0,0,0,0,0,0,0,0
DUFF,6/9/2015,24,109,96836,Lionsgate,PG-13,34030343,0,0,0,0,0,0,1,0,0,0,0,0,0,0,0,0,0,1,0,0,0,0,0,0
DUMB AND DUMBER TO,2/17/2015,8,95,245181,Universal Studios,PG-13,86208010,1,0,0,1,0,0,1,0,0,0,0,0,0,0,0,0,0,0,0,0,0,0,0,0
EAGLE HUNTRESS,2/7/2017,6,53,2335,Sony Pictures,G,3169351,0,0,0,1,0,0,0,0,1,0,0,0,0,0,0,0,0,0,0,0,1,0,0,0
EARLY MAN,5/22/2018,21,95,21310,Lionsgate,PG,8267544,0,0,0,1,1,0,1,0,0,0,1,1,0,0,0,0,0,0,0,0,1,0,0,0
EDDIE THE EAGLE,6/14/2016,25,109,27050,20th Century Fox,PG-13,15789389,0,0,0,0,0,1,1,0,0,1,0,0,0,0,0,0,0,0,0,0,1,0,0,0
EDGE OF SEVENTEEN,2/14/2017,7,88,41068,Universal Studios,R,14431633,0,1,0,0,0,0,1,0,0,1,0,0,0,0,0,0,0,0,0,0,0,0,0,0
ELLE,3/14/2017,11,123,4287,Sony Pictures,R,2341534,0,5,0,0,0,0,0,1,0,1,0,0,0,0,0,0,0,0,0,0,0,1,0,0
EMOJI MOVIE,10/24/2017,43,88,148615,Sony Pictures,PG,83355931,0,0,0,1,1,0,1,0,0,0,1,0,0,0,0,0,0,0,0,0,0,0,0,0
ENTOURAGE,9/29/2015,40,118,52526,Warner Bros.,R,32363404,1,0,0,0,0,0,1,0,0,0,0,0,0,0,0,0,0,0,0,0,0,0,0,0
EQUALIZER,12/30/2014,53,95,522507,Sony Pictures,R,101436176,0,0,1,0,0,0,0,1,0,0,0,0,0,0,0,0,0,0,0,0,0,1,0,0
EVEREST,1/19/2016,4,116,122227,Universal Studios,PG-13,33175021,0,0,1,1,0,1,0,0,0,1,0,0,0,0,0,0,0,0,0,0,0,1,0,0
EVERY DAY,6/5/2018,23,102,12486,Warner Bros.,PG-13,6102077,0,0,0,0,0,0,0,0,0,1,0,1,0,0,0,0,0,1,0,0,0,0,0,0
EVERYBODY WANTS SOME,7/12/2016,29,104,11806,Paramount Pictures,R,3400278,0,0,0,0,0,0,1,0,0,0,0,0,0,0,0,0,0,0,0,0,0,0,0,0
"EVERYTHING, EVERYTHING",8/15/2017,33,88,30344,Warner Bros.,PG-13,34121140,0,0,0,0,0,0,0,0,0,1,0,0,0,0,0,0,0,1,0,0,0,0,0,0
EXODUS-GODS AND KINGS,3/17/2015,12,95,287841,20th Century Fox,PG-13,57757895,0,0,1,1,0,0,0,0,0,1,0,1,0,0,0,0,0,0,0,0,0,0,0,0
EXPENDABLES 3,11/25/2014,48,102,391153,Lionsgate,PG-13,39322544,1,0,1,1,0,0,0,0,0,0,0,0,0,0,0,0,0,0,0,0,0,1,0,0
EYE IN THE SKY,6/28/2016,27,88,35383,Universal Studios,R,18704595,0,0,0,0,0,0,0,0,0,1,0,0,0,0,0,0,0,0,0,0,0,1,1,0
FANTASTIC BEASTS AND WHERE TO FIND THEM,3/28/2017,13,130,1031976,Warner Bros.,PG-13,211443905,1,0,0,1,0,0,0,0,0,0,1,1,0,0,0,0,0,0,0,0,0,0,0,0
FANTASTIC FOUR-2015,12/15/2015,51,130,201539,20th Century Fox,PG-13,56117548,1,0,1,1,0,0,0,0,0,0,0,0,0,0,0,0,0,0,1,0,0,0,0,0
FANTASTIC WOMAN,5/22/2018,21,109,1072,Sony Pictures,R,2020988,0,0,0,0,0,0,0,0,0,1,0,0,0,0,0,0,0,0,0,0,0,0,0,0
FAR FROM THE MADDING CROWD,8/4/2015,32,95,12370,20th Century Fox,PG-13,12236500,0,0,0,0,0,0,0,0,0,1,0,0,0,0,0,0,0,1,0,0,0,0,0,0
FATE OF THE FURIOUS,7/11/2017,28,88,824290,Universal Studios,PG-13,226008385,1,0,1,0,0,0,0,1,0,0,0,0,0,0,0,0,0,0,0,0,0,1,0,0
FATHER FIGURES,4/3/2018,14,102,38399,Warner Bros.,R,17501244,0,0,0,0,0,0,1,0,0,0,0,0,0,0,0,0,0,0,0,0,0,0,0,0
FAULT IN OUR STARS,9/16/2014,38,102,566915,20th Century Fox,PG-13,124872350,0,0,0,0,0,0,0,0,0,1,0,0,0,0,0,0,0,1,0,0,0,0,0,0
FENCES,3/14/2017,11,79,124058,Paramount Pictures,PG-13,57682904,0,5,0,0,0,0,0,0,0,1,0,0,0,0,0,0,0,0,0,0,0,0,0,0
FERDINAND,3/13/2018,11,88,391731,20th Century Fox,PG,83071259,0,0,0,1,1,0,1,0,0,0,1,1,0,0,0,0,0,0,0,0,0,0,0,0
FIFTY SHADES DARKER,5/9/2017,19,88,593746,Universal Studios,R,114581250,1,0,0,0,0,0,0,0,0,1,0,0,0,0,0,0,0,1,0,0,0,0,0,0
FIFTY SHADES FREED,5/8/2018,19,88,450976,Universal Studios,R,100407760,1,0,0,0,0,0,0,0,0,1,0,0,0,0,0,0,0,1,0,0,0,1,0,0
FIFTY SHADES OF BLACK,4/19/2016,17,81,18618,Universal Studios,R,11686940,1,0,0,0,0,0,1,0,0,0,0,0,0,0,0,0,0,0,0,0,0,0,0,0
FIFTY SHADES OF GREY,5/8/2015,19,84,1578085,Universal Studios,R,166167230,1,0,0,0,0,0,0,0,0,1,0,0,0,0,0,0,0,1,0,0,0,1,0,0
FINDING DORY,11/15/2016,47,151,1540940,Walt Disney Studios,PG,456222514,1,0,0,1,1,0,1,0,0,0,1,0,0,0,0,0,0,0,0,0,0,0,0,0
FINEST HOURS,5/24/2016,22,116,60867,Walt Disney Studios,PG-13,25007044,0,0,1,0,0,0,0,0,0,1,0,0,1,0,0,0,0,0,0,0,0,1,0,0
FIST FIGHT,5/30/2017,22,102,86545,Warner Bros.,R,32187017,0,0,0,0,0,0,1,0,0,0,0,0,0,0,0,0,0,0,0,0,0,0,0,0
FLATLINERS,12/26/2017,52,88,27731,Sony Pictures,PG-13,16877430,0,0,0,0,0,0,0,0,0,1,0,0,0,1,0,0,1,0,1,0,0,1,0,0
FLORENCE FOSTER JENKINS,12/13/2016,51,123,27615,Paramount Pictures,PG-13,27383770,0,0,0,0,0,1,1,0,0,1,0,0,0,0,1,0,0,0,0,0,0,0,0,0
FLUFFY MOVIE,10/21/2014,43,88,25589,Universal Studios,PG-13,2827393,0,0,0,0,0,0,1,0,1,0,0,0,0,0,0,0,0,0,0,0,0,0,0,0
FOCUS,6/2/2015,23,95,114369,Warner Bros.,R,53862963,0,0,0,0,0,0,1,1,0,1,0,0,0,0,0,0,0,1,0,0,0,0,0,0
FOREST,4/12/2016,16,95,40771,Universal Studios,PG-13,26594261,0,0,0,0,0,0,0,0,0,0,0,0,0,1,0,0,1,0,0,0,0,1,0,0
FOREVER MY GIRL,4/24/2018,17,95,57862,Lionsgate,PG,16376066,0,0,0,0,0,0,0,0,0,1,0,0,0,0,1,0,0,1,0,0,0,0,0,0
FOUNDER,4/18/2017,16,88,27613,Lionsgate,PG-13,12786243,0,0,0,0,0,1,0,0,0,1,0,0,1,0,0,0,0,0,0,0,0,0,0,0
FOXCATCHER,3/3/2015,10,46,48700,Sony Pictures,R,12122062,0,6,0,0,0,1,0,0,0,1,0,0,0,0,0,0,0,0,0,0,1,0,0,0
FREE STATE OF JONES,9/20/2016,39,88,70256,Universal Studios,R,20810036,0,0,1,0,0,1,0,0,0,1,0,0,1,0,0,0,0,0,0,0,0,0,1,0
FRIEND REQUEST,1/9/2018,2,109,11202,Lionsgate,R,3759078,0,0,0,0,0,0,0,0,0,0,0,0,0,1,0,0,0,0,0,0,0,1,0,0
FURIOUS 7,9/15/2015,38,165,1324516,Universal Studios,PG-13,353007020,1,0,1,0,0,0,0,1,0,0,0,0,0,0,0,0,0,0,0,0,0,1,0,0
FURY,1/27/2015,5,102,490538,Sony Pictures,R,85817906,0,0,1,0,0,0,0,0,0,1,0,0,0,0,0,0,0,0,0,0,0,0,1,0
GALLOWS,10/13/2015,42,95,20255,Warner Bros.,R,22764410,0,0,0,0,0,0,0,0,0,0,0,0,0,1,0,0,0,0,0,0,0,1,0,0
GAMBLER,4/28/2015,18,124,85970,Paramount Pictures,R,33680992,0,0,0,0,0,0,0,1,0,1,0,0,0,0,0,0,0,0,0,0,0,1,0,0
GAME NIGHT,5/22/2018,21,88,75425,Warner Bros.,R,69001013,0,0,1,0,0,0,1,1,0,0,0,0,0,0,0,0,1,0,0,0,0,0,0,0
GEOSTORM,1/23/2018,4,95,103911,Warner Bros.,PG-13,30977004,0,0,1,0,0,0,0,0,0,0,0,0,0,0,0,0,0,0,1,0,0,1,0,0
GET HARD,6/30/2015,27,95,243787,Warner Bros.,R,90411453,0,0,0,0,0,0,1,1,0,0,0,0,0,0,0,0,0,0,0,0,0,0,0,0
GET ON UP,1/6/2015,2,158,61008,Universal Studios,PG-13,30569935,0,0,0,0,0,1,0,0,0,1,0,0,0,0,1,0,0,0,0,0,0,0,0,0
GET OUT,5/23/2017,21,88,159733,Universal Studios,R,176040665,0,0,0,0,0,0,0,0,0,0,0,0,0,1,0,0,1,0,0,0,0,1,0,0
GHOST IN THE SHELL,7/25/2017,30,116,189546,Paramount Pictures,PG-13,35639516,1,0,1,0,0,0,0,0,0,1,0,0,0,0,0,0,0,0,1,0,0,1,0,0
GHOSTBUSTERS-2016,10/11/2016,42,88,573394,Sony Pictures,PG-13,118470083,1,0,1,0,0,0,1,0,0,0,0,1,0,0,0,0,0,0,1,0,0,0,0,0
GIFT,10/27/2015,44,81,42893,Universal Studios,R,43787265,0,0,0,0,0,0,0,0,0,1,0,0,0,0,0,0,1,0,0,0,0,1,0,0
GIRL ON THE TRAIN,1/17/2017,3,102,121869,Universal Studios,R,75395035,0,0,0,0,0,0,0,1,0,1,0,0,0,0,0,0,1,0,0,0,0,1,0,0
GIRLS TRIP,10/17/2017,42,88,141394,Universal Studios,R,115171585,0,0,0,0,0,0,1,0,0,1,0,0,0,0,0,0,0,0,0,0,0,0,0,0
GIVER,11/25/2014,48,102,109811,OTHER,PG-13,45090374,0,0,0,0,0,0,0,0,0,1,0,0,0,0,0,0,0,1,1,0,0,0,0,0
GLASS CASTLE,11/7/2017,45,88,17572,Lionsgate,PG-13,17273059,0,0,0,0,0,1,0,0,0,1,0,0,0,0,0,0,0,0,0,0,0,0,0,0
GOD BLESS THE BROKEN ROAD,12/4/2018,49,88,31809,OTHER,PG,2846257,0,0,0,0,0,0,0,0,0,1,1,0,0,0,0,0,0,1,0,0,0,0,0,0
GODS NOT DEAD,8/5/2014,32,137,311596,OTHER,PG,60755332,1,0,0,0,0,0,0,0,0,1,0,0,0,0,0,0,0,0,0,0,0,0,0,0
GODS NOT DEAD 2,8/16/2016,34,137,104570,Universal Studios,PG,20774574,1,0,0,0,0,0,0,0,0,1,0,0,0,0,0,0,0,0,0,0,0,0,0,0
GOD'S NOT DEAD: A LIGHT IN DARKNESS,8/21/2018,34,144,40035,Universal Studios,PG,5728940,1,0,0,0,0,0,0,0,0,1,0,0,0,0,0,0,0,0,0,0,0,0,0,0
GODS OF EGYPT,5/31/2016,23,95,213841,Lionsgate,PG-13,27518574,0,0,1,1,0,0,0,0,0,0,0,1,0,0,0,0,0,0,0,0,0,0,0,0
GODZILLA,9/16/2014,38,123,706361,Warner Bros.,PG-13,170326732,0,0,1,1,0,0,0,0,0,0,0,0,0,0,0,0,0,0,1,0,0,1,0,0
GOING IN STYLE,8/1/2017,31,116,103124,Warner Bros.,PG-13,45018541,0,0,0,0,0,0,1,1,0,0,0,0,0,0,0,0,0,0,0,0,0,0,0,0
GOLD,5/2/2017,18,95,37201,Lionsgate,R,7227038,0,0,0,1,0,0,0,0,0,1,0,0,0,0,0,0,0,0,0,0,0,1,0,0
GONE GIRL,1/13/2015,3,102,391133,20th Century Fox,R,167767189,0,0,0,0,0,0,0,1,0,1,0,0,0,0,0,0,1,0,0,0,0,1,0,0
GOOD DINOSAUR,2/23/2016,9,90,876257,Walt Disney Studios,PG,116315188,0,0,0,1,1,0,1,0,0,1,1,1,0,0,0,0,0,0,0,0,0,0,0,0
GOOD LIE,12/23/2014,52,81,18459,Warner Bros.,PG-13,2722209,0,0,0,0,0,1,0,0,0,1,0,0,0,0,0,0,0,0,0,0,0,0,0,0
GOOSEBUMPS,1/26/2016,5,102,282873,Sony Pictures,PG,74051371,1,0,0,1,0,0,1,0,0,0,1,1,0,1,0,0,0,0,0,0,0,0,0,0
GRAND BUDAPEST HOTEL,6/17/2014,25,81,84008,20th Century Fox,R,59334204,0,6,0,1,0,0,1,0,0,1,0,0,0,0,0,0,0,0,0,0,0,0,0,0
GRANDMA,2/9/2016,7,172,7714,Sony Pictures,R,6980524,0,0,0,0,0,0,1,0,0,1,0,0,0,0,0,0,0,0,0,0,0,0,0,0
GREAT WALL,5/23/2017,21,95,181596,Universal Studios,PG-13,40492964,0,0,1,1,0,0,0,0,0,0,0,1,0,0,0,0,0,0,0,0,0,1,0,0
GREATEST SHOWMAN,4/10/2018,15,111,786200,20th Century Fox,PG,174340174,0,0,0,0,0,1,0,0,0,1,0,0,0,0,1,1,0,0,0,0,0,0,0,0
GREEN INFERNO,1/5/2016,2,102,17008,Universal Studios,R,7192291,0,0,0,1,0,0,0,0,0,0,0,0,0,1,0,0,0,0,0,0,0,1,0,0
GRINGO,6/5/2018,23,88,3670,Universal Studios,R,4969853,0,0,1,0,0,0,1,1,0,1,0,0,0,0,0,0,0,0,0,0,0,0,0,0
GUARDIANS OF THE GALAXY,12/9/2014,50,130,2201473,Walt Disney Studios,PG-13,290344196,1,0,1,1,0,0,1,0,0,0,0,0,0,0,0,0,0,0,1,0,0,0,0,0
GUARDIANS OF THE GALAXY VOL. 2,8/22/2017,34,109,1402230,Walt Disney Studios,PG-13,360232325,1,0,1,1,0,0,1,0,0,0,0,0,0,0,0,0,0,0,1,0,0,0,0,0
GUNMAN,6/30/2015,27,102,34677,Universal Studios,R,10664749,0,0,1,0,0,0,0,1,0,1,0,0,0,0,0,0,1,0,0,0,0,1,0,0
HACKSAW RIDGE,2/21/2017,8,109,403329,Lionsgate,R,67209615,0,0,0,0,0,1,0,0,0,1,0,0,1,0,0,0,0,0,0,0,0,0,1,0
HAIL CAESAR,6/7/2016,24,123,32254,Universal Studios,PG-13,30498085,0,0,0,0,0,0,1,0,0,0,0,0,0,0,0,0,1,0,0,0,0,0,0,0
HANDS OF STONE,11/22/2016,48,88,21678,OTHER,R,4712792,0,0,1,0,0,1,0,0,0,1,0,0,0,0,0,0,0,0,0,0,1,0,0,0
HAPPY DEATH DAY,1/16/2018,3,95,45422,Universal Studios,PG-13,55683845,0,0,0,0,0,0,0,0,0,0,0,0,0,1,0,0,1,0,0,0,0,1,0,0
HARDCORE HENRY,7/26/2016,31,109,38898,Universal Studios,R,9252038,0,0,1,1,0,0,0,0,0,0,0,0,0,0,0,0,0,0,1,0,0,1,0,0
HATEFUL EIGHT,3/29/2016,14,90,315855,OTHER,R,54117416,0,2,0,0,0,0,0,1,0,1,0,0,0,0,0,0,1,0,0,0,0,1,0,1
HAUNTED HOUSE 2,8/12/2014,33,116,33459,Universal Studios,R,17329486,1,0,0,0,0,0,1,0,0,0,0,1,0,0,0,0,0,0,0,0,0,0,0,0
HE NAMED ME MALALA,12/15/2015,51,74,2756,20th Century Fox,PG-13,2668936,0,0,0,0,0,0,0,0,1,0,0,0,0,0,0,0,0,0,0,0,0,0,0,0
HEAVEN IS FOR REAL,7/22/2014,30,97,501801,Sony Pictures,PG,91443253,0,0,0,0,0,1,0,0,0,1,1,0,0,0,0,0,0,0,0,0,0,0,0,0
HELL OR HIGH WATER,11/22/2016,48,88,76289,Lionsgate,R,27007844,0,1,1,0,0,0,0,1,0,1,0,0,0,0,0,0,0,0,0,0,0,1,0,1
HELLO MY NAME IS DORIS,6/14/2016,25,74,15975,Sony Pictures,R,14444999,0,0,0,0,0,0,1,0,0,1,0,0,0,0,0,0,0,1,0,0,0,0,0,0
HERCULES-2014,11/4/2014,45,102,342453,Paramount Pictures,PG-13,63638461,0,0,1,1,0,0,0,0,0,0,0,1,0,0,0,0,0,0,0,0,0,0,0,0
HERO,9/19/2017,38,102,16730,Sony Pictures,R,4077333,0,0,0,0,0,0,1,0,0,1,0,0,0,0,0,0,0,1,0,0,0,0,0,0
HIDDEN FIGURES,4/11/2017,15,95,396742,20th Century Fox,PG,169387004,0,3,0,0,0,1,0,0,0,1,0,0,1,0,0,0,0,0,0,0,0,0,0,0
HILLARYS AMERICA,10/11/2016,42,81,58378,Lionsgate,PG-13,13099931,0,0,0,0,0,1,0,0,1,0,0,0,1,0,0,0,0,0,0,0,0,0,0,0
HILLSONG-LET HOPE RISE,12/20/2016,52,95,18148,Universal Studios,PG,2394386,0,0,0,0,0,0,0,0,1,0,1,0,0,0,1,0,0,0,0,0,0,0,0,0
HITMAN-AGENT 47,12/29/2015,53,130,108497,20th Century Fox,R,22467450,0,0,1,1,0,0,0,1,0,0,0,0,0,0,0,0,0,0,1,0,0,1,0,0
HITMANS BODYGUARD,11/21/2017,47,95,191492,Lionsgate,R,75468583,0,0,1,0,0,0,1,1,0,0,0,0,0,0,0,0,0,0,0,0,0,1,0,0
HOBBIT-BATTLE OF THE FIVE ARMIES,3/24/2015,13,97,1252161,Warner Bros.,PG-13,215549118,1,0,0,1,0,0,0,0,0,0,0,1,0,0,0,0,0,0,0,0,0,0,0,0
HOLOGRAM FOR THE KING,8/9/2016,33,109,18266,Lionsgate,R,4212494,0,0,0,0,0,0,1,0,0,1,0,0,0,0,0,0,0,1,0,0,0,0,0,0
HOME AGAIN,12/12/2017,50,95,35670,Universal Studios,PG-13,27020284,0,0,0,0,0,0,1,0,0,1,0,0,0,0,0,0,0,1,0,0,0,0,0,0
HOMESMAN,2/17/2015,8,95,46114,Lionsgate,R,2429989,0,0,0,0,0,0,0,0,0,1,0,0,0,0,0,0,0,0,0,0,0,0,0,1
HORRIBLE BOSSES 2,2/24/2015,9,90,240670,Warner Bros.,R,54445357,1,0,0,0,0,0,1,1,0,0,0,0,0,0,0,0,0,0,0,0,0,0,0,0
HOSTILES,4/24/2018,17,88,104903,Lionsgate,R,29819113,0,0,0,1,0,0,0,0,0,1,0,0,0,0,0,0,0,0,0,0,0,0,0,1
HOT PURSUIT,8/11/2015,33,95,112371,Warner Bros.,PG-13,34580201,0,0,1,0,0,0,1,1,0,0,0,0,0,0,0,0,0,0,0,0,0,0,0,0
HOTEL TRANSYLVANIA 2,1/12/2016,3,109,558534,Sony Pictures,PG,158889475,1,0,0,0,1,0,1,0,0,0,1,1,0,0,0,0,0,0,0,0,0,0,0,0
HOTEL TRANSYLVANIA 3: SUMMER VACATION,10/9/2018,41,88,384674,Sony Pictures,PG,167510016,1,0,0,1,1,0,1,0,0,0,1,1,0,0,0,0,0,0,0,0,0,0,0,0
HOUSE,10/10/2017,41,102,47058,Warner Bros.,R,25584504,0,0,0,0,0,0,1,1,0,0,0,0,0,0,0,0,0,0,0,0,0,0,0,0
HOW TO BE A LATIN LOVER,8/15/2017,33,109,23339,Lionsgate,PG-13,32149404,0,0,0,0,0,0,1,0,0,1,0,0,0,0,0,0,0,0,0,0,0,0,0,0
HOW TO BE SINGLE,5/24/2016,22,102,55972,Warner Bros.,R,46843513,0,0,0,0,0,0,1,0,0,1,0,0,0,0,0,0,0,1,0,0,0,0,0,0
HOW TO TRAIN YOUR DRAGON 2,11/11/2014,46,151,919923,DreamWorks,PG,163724254,1,0,1,1,1,0,1,0,0,0,1,1,0,0,0,0,0,0,0,0,0,0,0,0
HUNDRED FOOT JOURNEY,12/2/2014,49,116,66812,Walt Disney Studios,PG,54240821,0,0,0,0,0,0,1,0,0,1,0,0,0,0,0,0,0,0,0,0,0,0,0,0
HUNGER GAMES-MOCKINGJAY PT 1,3/6/2015,10,105,1993847,Lionsgate,PG-13,337135885,1,0,1,1,0,0,0,0,0,0,0,0,0,0,0,0,0,0,1,0,0,1,0,0
HUNGER GAMES-MOCKINGJAY PT2,3/22/2016,13,123,1029957,Lionsgate,PG-13,281723902,1,0,1,1,0,0,0,0,0,0,0,0,0,0,0,0,0,0,1,0,0,1,0,0
HUNT FOR THE WILDERPEOPLE,9/27/2016,40,180,2103,Sony Pictures,PG-13,5205471,0,0,0,1,0,0,1,0,0,1,0,0,0,0,0,0,0,0,0,0,0,0,0,0
HUNTSMAN-WINTERS WAR,8/23/2016,35,123,208465,Universal Studios,PG-13,48390190,1,0,1,1,0,0,0,0,0,1,0,1,0,0,0,0,0,0,0,0,0,0,0,0
HURRICANE HEIST,6/5/2018,23,88,51403,Lionsgate,PG-13,6115824,0,0,1,0,0,0,0,1,0,0,0,0,0,0,0,0,0,0,0,0,0,1,0,0
I CAN ONLY IMAGINE,6/12/2018,24,88,324466,Lionsgate,PG,83482352,0,0,0,0,0,1,0,0,0,1,1,0,0,0,1,0,0,0,0,0,0,0,0,0
I FEEL PRETTY,7/17/2018,29,88,47538,Universal Studios,PG-13,48795601,0,0,0,0,0,0,1,0,0,0,0,0,0,0,0,0,0,0,0,0,0,0,0,0
I FRANKENSTEIN,5/13/2014,20,109,169298,Lionsgate,PG-13,15919660,0,0,1,0,0,0,0,0,0,0,0,1,0,1,0,0,0,0,1,0,0,1,0,0
"I, TONYA",3/13/2018,11,53,38877,Universal Studios,R,30014537,0,0,0,0,0,1,1,0,0,1,0,0,0,0,0,0,0,0,0,0,1,0,0,0
ICE AGE-COLLISION COURSE,10/11/2016,42,81,194953,20th Century Fox,PG,60875671,1,0,0,1,1,0,1,0,0,0,1,1,0,0,0,0,0,1,1,0,0,0,0,0
IF I STAY,11/18/2014,47,88,127284,MGM,PG-13,50474843,0,0,0,0,0,0,0,0,0,1,0,1,0,0,1,0,0,1,0,0,0,0,0,0
ILL SEE YOU IN MY DREAMS,9/1/2015,36,109,10392,Universal Studios,PG-13,7449599,0,0,0,0,0,0,1,0,0,1,0,0,0,0,0,0,0,1,0,0,0,0,0,0
IM NOT ASHAMED,1/24/2017,4,95,21799,Universal Studios,PG-13,2082980,0,0,0,0,0,1,0,0,0,1,0,0,0,0,0,0,0,0,0,0,0,0,0,0
IMITATION GAME,3/31/2015,14,123,149705,OTHER,PG-13,91125143,0,2,0,0,0,1,0,0,0,1,0,0,0,0,0,0,0,0,0,0,0,1,1,0
IN THE HEART OF THE SEA,3/8/2016,11,88,119379,Warner Bros.,PG-13,22256573,0,0,1,1,0,1,0,0,0,1,0,0,1,0,0,0,0,0,0,0,0,1,0,0
INCARNATE,3/7/2017,10,95,22034,Universal Studios,PG-13,4799774,0,0,0,0,0,0,0,0,0,0,0,1,0,1,0,0,1,0,1,0,0,1,0,0
INCONVENIENT SEQUEL,10/24/2017,43,81,3818,Paramount Pictures,PG,3496795,0,0,0,0,0,0,0,0,1,0,0,0,0,0,0,0,0,0,0,0,0,0,0,0
INCREDIBLES 2,11/6/2018,45,144,841636,Walt Disney Studios,PG,608581744,1,0,1,1,1,0,1,0,0,0,1,0,0,0,0,0,0,0,1,0,0,0,0,0
INDEPENDENCE DAY-RESURGENCE,10/18/2016,43,116,378560,20th Century Fox,PG-13,93602123,1,0,1,1,0,0,0,0,0,0,0,0,0,0,0,0,0,0,1,0,0,0,0,0
INDIGNATION,11/8/2016,46,89,4768,Lionsgate,R,3401155,0,0,0,0,0,0,0,0,0,1,0,0,0,0,0,0,0,1,0,0,0,0,0,0
INFERNO,1/24/2017,4,88,246175,Sony Pictures,PG-13,34465497,1,0,1,1,0,0,0,1,0,1,0,0,0,0,0,0,1,0,0,0,0,1,0,0
INFILTRATOR,10/11/2016,42,90,20457,Universal Studios,R,15436808,0,0,0,0,0,1,0,1,0,1,0,0,0,0,0,0,0,0,0,0,0,1,0,0
INGRID GOES WEST,11/7/2017,45,74,2313,Universal Studios,R,3022951,0,0,0,0,0,0,1,0,0,1,0,0,0,0,0,0,0,0,0,0,0,0,0,0
INHERENT VICE,4/28/2015,18,109,27094,Warner Bros.,R,8110975,0,5,0,0,0,0,1,1,0,1,0,0,0,0,0,0,1,1,0,0,0,0,0,0
INSIDE OUT,11/3/2015,45,137,1322991,Walt Disney Studios,PG,335711482,0,3,0,1,1,0,1,0,0,1,1,1,0,0,0,0,0,0,0,0,0,0,0,0
INSIDIOUS: THE LAST KEY,4/3/2018,14,88,69960,Sony Pictures,PG-13,67560690,1,0,0,0,0,0,0,0,0,0,0,0,0,1,0,0,1,0,0,0,0,1,0,0
INSIDIOUS-CHAPTER 3,10/6/2015,41,123,69889,Sony Pictures,PG-13,52218558,1,0,0,0,0,0,0,0,0,0,0,0,0,1,0,0,1,0,0,0,0,1,0,0
INTERN,1/19/2016,4,116,148881,Warner Bros.,PG-13,75764672,0,0,0,0,0,0,1,0,0,1,0,0,0,0,0,0,0,0,0,0,0,0,0,0
INTERSTELLAR,3/31/2015,14,144,642648,Paramount Pictures,PG-13,188020017,0,0,0,1,0,0,0,0,0,1,0,0,0,0,0,0,0,0,1,0,0,0,0,0
INTO THE WOODS,3/24/2015,13,89,527263,Walt Disney Studios,PG,128002372,0,0,0,1,0,0,1,0,0,1,0,1,0,0,1,1,0,0,0,0,0,0,0,0
IRRATIONAL MAN,1/12/2016,3,179,2458,Sony Pictures,R,4030360,0,0,0,0,0,0,1,0,0,1,0,0,0,0,0,0,0,0,0,0,0,0,0,0
ISLE OF DOGS,7/17/2018,29,116,47481,20th Century Fox,PG-13,32015231,0,0,0,1,1,0,1,0,0,1,0,1,0,0,0,0,0,0,1,0,0,0,0,0
IT,1/9/2018,2,123,518312,Warner Bros.,R,327481748,0,0,0,0,0,0,0,0,0,0,0,0,0,1,0,0,0,0,0,0,0,1,0,0
IT FOLLOWS,7/14/2015,29,109,66760,OTHER,R,14674076,0,0,0,0,0,0,0,0,0,0,0,0,0,1,0,0,1,0,0,0,0,0,0,0
JACK REACHER-NEVER GO BACK,1/31/2017,5,102,272799,Paramount Pictures,PG-13,58697076,1,0,1,0,0,0,0,0,0,0,0,0,0,0,0,0,0,0,0,0,0,1,0,0
JACK RYAN-SHADOW RECRUIT,6/10/2014,24,144,317784,Paramount Pictures,PG-13,50577412,1,0,1,0,0,0,0,0,0,1,0,0,0,0,0,0,0,0,0,0,0,1,0,0
JACKIE,3/7/2017,10,95,32917,20th Century Fox,R,13960394,0,0,0,0,0,1,0,0,0,1,0,0,1,0,0,0,0,0,0,0,0,0,0,0
JASON BOURNE,12/6/2016,50,130,562044,Universal Studios,PG-13,162434410,1,0,1,0,0,0,0,0,0,0,0,0,0,0,0,0,0,0,0,0,0,1,0,0
JEM AND THE HOLOGRAMS,1/19/2016,4,88,10973,Universal Studios,PG,2184640,0,0,0,1,0,0,0,0,0,1,1,1,0,0,1,0,0,1,1,0,0,0,0,0
JERSEY BOYS,11/11/2014,46,144,108947,Warner Bros.,R,47047013,0,0,0,0,0,1,0,0,0,1,0,0,0,0,1,1,0,0,0,0,0,0,0,0
JIGSAW,1/23/2018,4,88,86323,Lionsgate,R,38052832,1,0,0,0,0,0,0,0,0,0,0,0,0,1,0,0,1,0,0,0,0,1,0,0
JOHN WICK,2/3/2015,6,102,357682,Lionsgate,R,43037835,1,0,1,0,0,0,0,1,0,0,0,0,0,0,0,0,0,0,0,0,0,1,0,0
JOHN WICK CHAPTER 2,6/13/2017,24,123,569772,Lionsgate,R,92029184,1,0,1,0,0,0,0,1,0,0,0,0,0,0,0,0,0,0,0,0,0,1,0,0
JOY,5/3/2016,19,130,83568,20th Century Fox,PG-13,56451232,0,1,0,0,0,0,0,0,0,1,0,0,0,0,0,0,0,0,0,0,0,0,0,0
JUDGE,1/27/2015,5,109,215532,Warner Bros.,R,47119388,0,0,0,0,0,0,0,1,0,1,0,0,0,0,0,0,0,0,0,0,0,0,0,0
"JULIET, NAKED",11/13/2018,46,88,3933,Lionsgate,R,3444895,0,0,0,0,0,0,1,0,0,1,0,0,0,0,1,0,0,1,0,0,0,0,0,0
JUMANJI: WELCOME TO THE JUNGLE,3/20/2018,12,90,924283,Sony Pictures,PG-13,389541551,1,0,1,1,0,0,1,0,0,0,0,1,0,0,0,0,0,0,0,0,0,0,0,0
JUNGLE BOOK-2016,8/30/2016,36,137,666307,Walt Disney Studios,PG,324340831,0,0,0,1,0,0,0,0,0,1,1,1,0,0,0,0,0,0,0,0,0,0,0,0
JUPITER ASCENDING,6/2/2015,23,116,252467,Warner Bros.,PG-13,40329920,0,0,1,1,0,0,0,0,0,0,0,0,0,0,0,0,0,0,1,0,0,0,0,0
JURASSIC WORLD,10/20/2015,43,130,2192681,Universal Studios,PG-13,561082919,1,0,1,1,0,0,0,0,0,0,0,0,0,0,0,0,0,0,1,0,0,0,0,0
JURASSIC WORLD: FALLEN KINGDOM,9/18/2018,38,88,881191,Universal Studios,PG-13,417719760,1,0,1,1,0,0,0,0,0,0,0,0,0,0,0,0,0,0,1,0,0,0,0,0
JUSTICE LEAGUE,3/13/2018,11,116,954017,Warner Bros.,PG-13,219335403,1,0,1,1,0,0,0,0,0,0,0,1,0,0,0,0,0,0,1,0,0,0,0,0
KEANU,8/2/2016,32,95,36814,Warner Bros.,R,20591853,0,0,1,0,0,0,1,1,0,0,0,0,0,0,0,0,0,0,0,0,0,0,0,0
KEEPING UP WITH THE JONESES,1/17/2017,3,88,47264,20th Century Fox,PG-13,14904426,0,0,1,0,0,0,1,0,0,0,0,0,0,0,0,0,0,0,0,0,0,0,0,0
KEVIN HART-WHAT NOW,1/10/2017,2,88,31698,Universal Studios,R,23591043,0,0,0,0,0,0,1,0,1,0,0,0,0,0,0,0,0,0,0,0,0,0,0,0
KIDNAP,10/31/2017,44,88,54039,Universal Studios,R,30718107,0,0,1,0,0,0,0,1,0,1,0,0,0,0,0,0,1,0,0,0,0,1,0,0
KILL THE MESSENGER,2/10/2015,7,124,31278,Universal Studios,R,2450846,0,0,0,0,0,1,0,1,0,1,0,0,0,0,0,0,1,0,0,0,0,1,0,0
KIN,11/20/2018,47,81,33188,Lionsgate,PG-13,5718096,0,0,1,0,0,0,0,0,0,0,0,0,0,0,0,0,0,0,1,0,0,0,0,0
KING ARTHUR-LEGEND OF THE SWORD,8/8/2017,32,88,157832,Warner Bros.,PG-13,36895719,0,0,1,1,0,0,0,0,0,1,0,1,0,0,0,0,0,0,0,0,0,0,0,0
KINGSMAN: THE GOLDEN CIRCLE,12/12/2017,50,81,337646,20th Century Fox,R,100234838,1,0,1,1,0,0,1,0,0,0,0,0,0,0,0,0,0,0,0,0,0,0,0,0
KINGSMAN-SECRET SERVICE,6/9/2015,24,116,397032,20th Century Fox,R,128261724,1,0,1,1,0,0,1,0,0,0,0,0,0,0,0,0,0,0,0,0,0,1,0,0
KONG-SKULL ISLAND,7/18/2017,29,130,474091,Warner Bros.,PG-13,153778546,0,0,1,1,0,0,0,0,0,0,0,1,0,0,0,0,0,0,1,0,0,0,0,0
KRAMPUS,4/26/2016,18,144,81634,Universal Studios,PG-13,42725475,0,0,0,0,0,0,1,0,0,0,0,1,0,1,0,0,0,0,0,0,0,0,0,0
KUBO AND THE TWO STRINGS,11/22/2016,48,95,123711,Universal Studios,PG,45417225,0,1,1,1,1,0,0,0,0,0,1,1,0,0,0,0,0,0,0,0,0,0,0,0
KUNG FU PANDA 3,6/28/2016,27,151,348710,DreamWorks,PG,134126317,1,0,1,1,1,0,1,0,0,0,1,1,0,0,0,0,0,0,0,0,0,0,0,0
LA LA LAND,4/25/2017,17,121,302659,Lionsgate,PG-13,151101803,0,11,0,0,0,0,1,0,0,1,0,0,0,0,1,1,0,1,0,0,0,0,0,0
LA MALA,8/4/2015,32,159,1082,Lionsgate,PG-13,3629842,0,0,0,0,0,0,1,0,0,0,0,0,0,0,0,0,0,0,0,0,0,0,0,0
LABOR DAY,4/29/2014,18,88,52202,Paramount Pictures,PG-13,13371528,0,0,0,0,0,0,0,0,0,1,0,0,0,0,0,0,0,1,0,0,0,0,0,0
LADRONES,2/2/2016,6,116,1467,Lionsgate,PG-13,3063505,0,0,0,0,0,0,1,0,0,0,0,0,0,0,0,0,0,0,0,0,0,0,0,0
LADY IN THE VAN,4/19/2016,17,95,9104,Sony Pictures,PG-13,10021175,0,0,0,0,0,1,1,0,0,1,0,0,0,0,0,0,0,0,0,0,0,0,0,0
LAST WITCH HUNTER,2/2/2016,6,102,243932,Lionsgate,PG-13,27367660,0,0,1,1,0,0,0,0,0,0,0,1,0,0,0,0,0,0,0,0,0,0,0,0
LEAP,11/21/2017,47,88,57773,Lionsgate,PG,21858070,0,0,0,1,1,0,1,0,0,0,1,0,0,0,1,0,0,0,0,0,0,0,0,0
LEFT BEHIND,1/6/2015,2,95,101196,OTHER,PG-13,14019924,0,0,1,0,0,0,0,0,0,1,0,1,0,0,0,0,1,0,0,0,0,1,0,0
LEGEND OF HERCULES,4/29/2014,18,109,175521,Summit Entertainment,PG-13,16385961,1,0,1,1,0,0,0,0,0,0,0,1,0,0,0,0,0,0,0,0,0,0,0,0
LEGEND OF TARZAN,10/11/2016,42,102,321702,Warner Bros.,PG-13,115065205,0,0,1,1,0,0,0,0,0,1,0,1,0,0,0,0,0,1,0,0,0,0,0,0
LEGENDS OF OZ-DOROTHYS RETURN,8/26/2014,35,109,21369,20th Century Fox,PG,7963314,1,0,0,1,1,0,0,0,0,0,1,1,0,0,1,1,0,0,0,0,0,0,0,0
LEGO BATMAN MOVIE,6/13/2017,24,123,504076,Warner Bros.,PG,165804034,1,0,1,0,1,0,1,0,0,0,1,0,0,0,0,0,0,0,0,0,0,0,0,0
LEGO MOVIE,6/17/2014,25,130,1621274,Warner Bros.,PG,235996733,1,5,1,1,1,0,1,0,0,0,1,1,0,0,0,0,0,0,0,0,0,0,0,0
LEGO NINJAGO MOVIE,12/19/2017,51,88,226156,Warner Bros.,PG,57399341,1,0,1,1,1,0,1,0,0,0,1,0,0,0,0,0,0,0,0,0,0,0,0,0
LEISURE SEEKER,7/10/2018,28,123,4987,Sony Pictures,R,3226443,0,0,0,1,0,0,1,0,0,1,0,0,0,0,0,0,0,1,0,0,0,0,0,0
LET THERE BE LIGHT,2/27/2018,9,123,23369,OTHER,PG-13,7231896,0,0,0,0,0,0,0,0,0,1,0,0,0,0,0,0,0,0,0,0,0,0,0,0
LETS BE COPS,11/11/2014,46,90,169527,20th Century Fox,R,82390774,0,0,0,0,0,0,1,1,0,0,0,0,0,0,0,0,0,0,0,0,0,0,0,0
LIFE,6/20/2017,25,88,195439,Sony Pictures,R,30234022,0,0,0,0,0,0,0,0,0,0,0,0,0,1,0,0,0,0,1,0,0,1,0,0
LIFE OF THE PARTY,8/7/2018,32,88,72312,Warner Bros.,PG-13,52856061,0,0,0,0,0,0,1,0,0,0,0,0,0,0,0,0,0,0,0,0,0,0,0,0
LIGHT BETWEEN OCEANS,1/24/2017,4,144,19832,Walt Disney Studios,PG-13,12545979,0,0,0,0,0,0,0,0,0,1,0,0,0,0,0,0,0,1,0,0,0,0,0,0
LIGHTS OUT,10/25/2016,44,95,61539,Warner Bros.,PG-13,67268835,0,0,0,0,0,0,0,0,0,0,0,0,0,1,0,0,0,0,0,0,0,0,0,0
LION,4/11/2017,15,95,51272,OTHER,PG-13,51728731,0,1,0,0,0,1,0,0,0,1,0,0,0,0,0,0,0,0,0,0,0,0,0,0
LITTLE BOY,8/18/2015,34,116,17403,Universal Studios,PG-13,6485961,0,0,0,0,0,0,0,0,0,1,0,0,1,0,0,0,0,0,0,0,0,0,1,0
LIVE BY NIGHT,3/21/2017,12,67,34621,Warner Bros.,R,10378555,0,0,1,0,0,0,0,1,0,1,0,0,0,0,0,0,0,0,0,0,0,1,0,0
LOFT,5/26/2015,22,116,20167,Universal Studios,R,6002684,0,0,0,0,0,0,0,0,0,0,0,0,0,0,0,0,1,1,0,0,0,1,0,0
LOGAN,5/23/2017,21,81,818406,20th Century Fox,R,226277068,1,0,1,0,0,0,0,0,0,1,0,0,0,0,0,0,0,0,1,0,0,1,0,0
LOGAN LUCKY,11/28/2017,48,102,48449,Universal Studios,PG-13,27780977,0,0,0,0,0,0,1,1,0,1,0,0,0,0,0,0,0,0,0,0,0,0,0,0
LONDON HAS FALLEN,6/14/2016,25,102,219858,Universal Studios,R,62678608,0,0,1,0,0,0,0,0,0,0,0,0,0,0,0,0,0,0,0,0,0,1,0,0
LONGEST RIDE,7/14/2015,29,95,282497,20th Century Fox,PG-13,37446117,0,0,0,0,0,0,0,0,0,1,0,0,0,0,0,0,0,1,0,0,0,0,0,0
LOST CITY OF Z,7/11/2017,28,81,21735,Universal Studios,PG-13,8580409,0,0,0,1,0,1,0,0,0,1,0,0,1,0,0,0,0,0,0,0,0,0,0,0
LOVE AND FRIENDSHIP,9/6/2016,37,95,12002,Sony Pictures,PG,14016568,0,0,0,0,0,0,1,0,0,1,0,0,0,0,0,0,0,1,0,0,0,0,0,0
LOVE AND MERCY,9/15/2015,38,88,30280,Lionsgate,PG-13,12551031,0,0,0,0,0,1,0,0,0,1,0,0,0,0,1,0,0,0,0,0,0,0,0,0
LOVE IS STRANGE,1/13/2015,3,26,1520,Sony Pictures,R,2266368,0,0,0,0,0,0,0,0,0,1,0,0,0,0,0,0,0,1,0,0,0,0,0,0
LOVE THE COOPERS,2/9/2016,7,88,47085,Lionsgate,PG-13,26302731,0,0,0,0,0,0,1,0,0,0,0,1,0,0,0,0,0,1,0,0,0,0,0,0
"LOVE, SIMON",6/12/2018,24,88,67688,20th Century Fox,PG-13,40826341,0,0,0,0,0,0,1,0,0,1,0,0,0,0,0,0,0,1,0,0,0,0,0,0
LOVING VINCENT,1/16/2018,3,116,15583,OTHER,PG-13,6735118,0,0,0,0,1,1,0,1,0,1,0,0,0,0,0,0,1,0,0,0,0,0,0,0
LOWRIDERS,9/5/2017,36,116,9603,Universal Studios,PG-13,6303560,0,0,0,1,0,0,0,1,0,1,0,0,0,0,0,0,0,0,0,0,0,0,0,0
LUCY,1/20/2015,4,179,523042,Universal Studios,R,126573960,0,0,1,0,0,0,0,0,0,0,0,0,0,0,0,0,0,0,1,0,0,1,0,0
MAD MAX-FURY ROAD,9/1/2015,36,109,614799,Warner Bros.,R,136576463,1,1,1,1,0,0,0,0,0,0,0,0,0,0,0,0,0,0,1,0,0,1,0,0
MAGGIES PLAN,8/23/2016,35,95,2558,Sony Pictures,R,3351735,0,0,0,0,0,0,1,0,0,1,0,0,0,0,0,0,0,1,0,0,0,0,0,0
MAGIC IN THE MOONLIGHT,12/16/2014,51,144,8163,Sony Pictures,PG-13,10541478,0,0,0,0,0,0,1,0,0,0,0,0,0,0,0,0,0,1,0,0,0,0,0,0
MAGIC MIKE XXL,10/6/2015,41,97,219844,Warner Bros.,R,66013057,1,0,0,0,0,0,1,0,0,1,0,0,0,0,1,0,0,0,0,0,0,0,0,0
MALEFICENT,11/4/2014,45,158,1112276,Walt Disney Studios,PG,222531338,1,0,1,1,0,0,0,0,0,0,1,1,0,0,0,0,0,1,0,0,0,0,0,0
MAMMA MIA: HERE WE GO AGAIN!,10/23/2018,43,95,235563,Universal Studios,PG-13,120634935,1,0,0,0,0,0,1,0,0,0,0,0,0,0,1,1,0,1,0,0,0,0,0,0
MAN FROM UNCLE,11/17/2015,47,95,125626,Warner Bros.,PG-13,45445109,0,0,0,0,0,0,0,0,1,0,0,0,0,0,0,0,0,0,0,1,0,0,0,0
MAN WHO INVENTED CHRISTMAS,3/6/2018,10,104,17927,Universal Studios,PG,5676486,0,0,0,0,0,1,1,0,0,1,0,0,0,0,0,0,0,0,0,0,0,0,0,0
MAN WHO KNEW INFINITY,8/23/2016,35,116,1186,Paramount Pictures,PG-13,3866794,0,0,0,0,0,1,0,0,0,1,0,0,0,0,0,0,0,0,0,0,0,0,0,0
MANCHESTER BY THE SEA,2/21/2017,8,67,77666,Lionsgate,R,47695371,0,14,0,0,0,0,0,0,0,1,0,0,0,0,0,0,0,0,0,0,0,0,0,0
MARSHALL,1/9/2018,2,88,12887,Universal Studios,PG-13,10051659,0,0,0,0,0,1,0,0,0,1,0,0,0,0,0,0,0,0,0,0,0,0,0,0
MARTIAN,1/12/2016,3,102,634496,20th Century Fox,PG-13,202919344,0,4,0,1,0,0,0,0,0,1,0,0,0,0,0,0,0,0,1,0,0,0,0,0
MARY AND THE WITCH'S FLOWER,5/1/2018,18,102,17582,Universal Studios,PG,2418404,0,0,0,1,1,0,0,0,0,0,1,1,0,0,0,0,0,0,0,0,0,0,0,0
MAUDIE,10/10/2017,41,67,2649,Sony Pictures,PG-13,6170998,0,0,0,0,0,1,0,0,0,1,0,0,0,0,0,0,0,1,0,0,0,0,0,0
MAX,10/27/2015,44,123,160909,Warner Bros.,PG,42656255,0,0,0,1,0,0,0,0,0,1,1,1,0,0,0,0,0,0,0,0,0,0,1,0
MAX STEEL,1/10/2017,2,88,32053,Universal Studios,PG-13,3818664,0,0,1,1,0,0,0,0,0,0,1,1,0,0,0,0,0,0,1,0,0,0,0,0
MAZE RUNNER,12/16/2014,51,88,427419,20th Century Fox,PG-13,102427862,1,0,1,0,0,0,0,0,0,0,0,0,0,0,0,0,1,0,1,0,0,1,0,0
MAZE RUNNER: THE DEATH CURE,4/24/2018,17,88,180577,20th Century Fox,PG-13,58032443,1,0,1,0,0,0,0,0,0,0,0,0,0,0,0,0,0,0,1,0,0,1,0,0
MAZE RUNNER-SCORCH TRIALS,12/15/2015,51,88,352594,20th Century Fox,PG-13,81697192,1,0,1,0,0,0,0,0,0,0,0,0,0,0,0,0,0,0,1,0,0,1,0,0
MCFARLAND USA,6/2/2015,23,102,84545,Walt Disney Studios,PG,44482410,0,0,0,0,0,1,0,0,0,1,0,0,0,0,0,0,0,0,0,0,1,0,0,0
ME AND EARL AND THE DYING GIRL,10/6/2015,41,116,4876,20th Century Fox,PG-13,6758416,0,0,0,0,0,0,1,0,0,1,0,0,0,0,0,0,0,1,0,0,0,0,0,0
ME BEFORE YOU,8/30/2016,36,88,106490,Warner Bros.,PG-13,56245075,0,0,0,0,0,0,0,0,0,1,0,0,0,0,0,0,0,1,0,0,0,0,0,0
MECHANIC-RESURRECTION,11/22/2016,48,88,128045,Lionsgate,R,21218403,0,0,1,1,0,0,0,1,0,0,0,0,0,0,0,0,0,0,0,0,0,1,0,0
MEDDLER,9/6/2016,37,137,6528,Sony Pictures,PG-13,4267218,0,0,0,0,0,0,1,0,0,1,0,0,0,0,0,0,0,1,0,0,0,0,0,0
MEET THE BLACKS,8/2/2016,32,123,15630,Lionsgate,R,9098213,0,0,0,0,0,0,1,0,0,0,0,0,0,1,0,0,0,0,0,0,0,0,0,0
MEGAN LEAVEY,9/5/2017,36,88,50376,Universal Studios,PG-13,13406882,0,0,0,0,0,1,0,0,0,1,0,0,0,0,0,0,0,0,0,0,0,0,1,0
MIDDLE SCHOOL-WORST YEARS OF MY LIFE,1/3/2017,1,88,35368,Lionsgate,PG,20007149,0,0,0,0,1,0,1,0,0,0,1,0,0,0,0,0,0,0,0,0,0,0,0,0
MIDNIGHT SPECIAL,6/21/2016,26,61,23551,Warner Bros.,PG-13,3712282,0,0,1,0,0,0,0,0,0,1,0,0,0,0,0,0,1,0,1,0,0,1,0,0
MIDNIGHT SUN,6/19/2018,25,88,16407,Universal Studios,PG-13,9561064,0,0,0,0,0,0,0,0,0,1,0,0,0,0,0,0,0,1,0,0,0,0,0,0
MIKE AND DAVE NEED WEDDING DATES,9/27/2016,40,81,74745,20th Century Fox,R,46009673,0,0,0,1,0,0,1,0,0,0,0,0,0,0,0,0,0,1,0,0,0,0,0,0
MILE 22,11/13/2018,46,88,86795,OTHER,R,36108758,0,0,1,1,0,0,0,1,0,0,0,0,0,0,0,0,0,0,0,0,0,1,0,0
MILES AHEAD,7/19/2016,30,109,5453,Sony Pictures,R,2610896,0,0,0,0,0,1,0,0,0,1,0,0,0,0,1,0,0,1,0,0,0,0,0,0
MILLION DOLLAR ARM,10/7/2014,41,144,75250,Walt Disney Studios,PG,36457627,0,0,0,0,0,1,0,0,0,1,0,0,0,0,0,0,0,0,0,0,1,0,0,0
MILLION WAYS TO DIE IN THE WEST,10/7/2014,41,130,153673,Universal Studios,R,42720965,0,0,0,0,0,0,1,0,0,0,0,0,0,0,0,0,0,0,0,0,0,0,0,1
MIRACLE SEASON,7/31/2018,31,116,20338,20th Century Fox,PG,10230620,0,0,0,0,0,0,0,0,0,1,0,0,0,0,0,0,0,0,0,0,1,0,0,0
MIRACLES FROM HEAVEN,7/12/2016,29,118,213908,Sony Pictures,PG,61705123,0,0,0,0,0,1,0,0,0,1,1,0,0,0,0,0,0,0,0,0,0,0,0,0
MISS PEREGRINES HOME FOR PECULIAR CHILDREN,12/13/2016,51,74,325025,20th Century Fox,PG-13,81761322,0,0,0,1,0,0,0,0,0,1,0,1,0,0,0,0,0,0,0,0,0,1,0,0
MISS SLOANE,3/21/2017,12,102,11331,20th Century Fox,R,3500605,0,0,0,0,0,0,0,0,0,1,0,0,0,0,0,0,0,0,0,0,0,1,0,0
MISSION: IMPOSSIBLE - FALLOUT,12/4/2018,49,130,334726,Paramount Pictures,PG-13,220159104,1,0,1,1,0,0,0,0,0,0,0,0,0,0,0,0,0,0,0,0,0,1,0,0
MISTRESS AMERICA,12/1/2015,49,109,183,20th Century Fox,R,2500431,0,0,0,0,0,0,1,0,0,1,0,0,0,0,0,0,0,0,0,0,0,0,0,0
MOANA,3/7/2017,10,104,1795976,Walt Disney Studios,PG,239521412,0,0,0,1,1,0,1,0,0,0,1,1,0,0,1,1,0,0,0,0,0,0,0,0
MOMS NIGHT OUT,9/2/2014,36,116,46836,Sony Pictures,PG,10429707,0,0,0,0,0,0,1,0,0,0,0,0,0,0,0,0,0,0,0,0,0,0,0,0
MONEY MONSTER,9/6/2016,37,116,50557,Sony Pictures,R,41012075,0,0,0,0,0,0,0,1,0,1,0,0,0,0,0,0,0,0,0,0,0,1,0,0
MONSTER CALLS,3/28/2017,13,81,51070,Universal Studios,PG-13,3740823,0,0,0,0,1,0,0,0,0,1,0,1,0,0,0,0,0,0,0,0,0,0,0,0
MONSTER TRUCKS,4/11/2017,15,88,225962,Paramount Pictures,PG,31781972,0,0,1,1,0,0,1,0,0,0,1,1,0,0,0,0,0,0,1,0,0,0,0,0
MONUMENTS MEN,5/20/2014,21,102,240993,Sony Pictures,PG-13,78031620,0,0,0,0,0,0,1,0,0,1,0,0,1,0,0,0,0,0,0,0,0,0,1,0
MORGAN,12/13/2016,51,102,12559,20th Century Fox,R,3915251,0,0,1,0,0,0,0,0,0,0,0,0,0,1,0,0,0,0,1,0,0,1,0,0
MORTDECAI,5/12/2015,20,109,57530,Lionsgate,R,7696134,0,0,1,0,0,0,1,1,0,0,0,0,0,0,0,0,1,1,0,0,0,0,0,0
MOST WANTED MAN,11/4/2014,45,95,33462,Lionsgate,R,17237855,0,0,0,0,0,0,0,1,0,1,0,0,0,0,0,0,0,0,0,0,0,1,0,0
MOTHER,12/19/2017,51,95,23314,Paramount Pictures,R,17800004,0,0,0,0,0,0,0,0,0,1,0,0,0,1,0,0,1,0,0,0,0,0,0,0
MOTHERS DAY,8/2/2016,32,95,48712,Universal Studios,PG-13,32492859,0,0,0,0,0,0,1,0,0,1,0,0,0,0,0,0,0,0,0,0,0,0,0,0
MOUNTAIN BETWEEN US,12/26/2017,52,81,60125,20th Century Fox,PG-13,30348555,0,0,1,1,0,0,0,0,0,1,0,0,0,0,0,0,0,1,0,0,0,1,0,0
MR HOLMES,11/10/2015,46,109,48722,Lionsgate,PG,17737646,0,0,0,0,0,0,0,0,0,1,0,0,0,0,0,0,1,0,0,0,0,0,0,0
MR TURNER,5/5/2015,19,137,2717,Sony Pictures,R,4175775,0,2,0,0,0,1,0,0,0,1,0,0,1,0,0,0,0,0,0,0,0,0,0,0
MUMMY,9/12/2017,37,95,282787,Universal Studios,PG-13,74451105,1,0,1,1,0,0,0,0,0,0,0,1,0,0,0,0,0,0,0,0,0,1,0,0
MUPPETS-MOST WANTED,8/12/2014,33,144,126928,Walt Disney Studios,PG,51183113,1,0,0,1,0,0,1,1,0,0,1,0,0,0,1,1,1,0,0,0,0,0,0,0
MURDER ON THE ORIENT EXPRESS,2/27/2018,9,109,171596,20th Century Fox,PG-13,102826543,0,0,0,0,0,0,0,1,0,1,0,0,0,0,0,0,1,0,0,0,0,0,0,0
MY ALL AMERICAN,2/23/2016,9,102,24015,Universal Studios,PG,2186656,0,0,0,0,0,1,0,0,0,1,0,0,0,0,0,0,0,0,0,0,1,0,0,0
MY BIG FAT GREEK WEDDING 2,6/21/2016,26,88,168268,Universal Studios,PG-13,59689605,1,0,0,0,0,0,1,0,0,0,0,0,0,0,0,0,0,1,0,0,0,0,0,0
MY COUSIN RACHEL,8/29/2017,35,81,3004,20th Century Fox,PG-13,2716368,0,0,0,0,0,0,0,0,0,1,0,0,0,0,0,0,1,1,0,0,0,0,0,0
MY LITTLE PONY,1/9/2018,2,95,89059,Lionsgate,PG,21885107,1,0,1,1,1,0,1,0,0,1,1,1,0,0,1,1,0,0,1,0,0,1,0,0
MY OLD LADY,1/27/2015,5,139,5486,Universal Studios,PG-13,4013786,0,0,0,0,0,0,1,0,0,1,0,0,0,0,0,0,0,1,0,0,0,0,0,0
NEED FOR SPEED,8/5/2014,32,144,195082,Walt Disney Studios,PG-13,38707596,0,0,1,0,0,0,0,1,0,0,0,0,0,0,0,0,0,0,0,0,0,1,0,0
NEIGHBORS,9/23/2014,39,137,406076,Universal Studios,R,150086800,1,0,0,0,0,0,1,0,0,0,0,0,0,0,0,0,0,0,0,0,0,0,0,0
NEIGHBORS 2,9/20/2016,39,123,87239,Universal Studios,R,55455765,1,0,0,0,0,0,1,0,0,0,0,0,0,0,0,0,0,0,0,0,0,0,0,0
NERVE,10/25/2016,44,90,44663,Lionsgate,PG-13,38583626,0,0,1,1,0,0,0,1,0,1,0,0,0,0,0,0,1,0,0,0,0,1,0,0
NICE GUYS,8/23/2016,35,95,64135,Warner Bros.,R,36261763,0,0,1,0,0,0,1,1,0,0,0,0,0,0,0,0,1,0,0,0,0,1,0,0
NIGHT AT THE MUSEUM-SECRET OF THE TOMB,3/10/2015,11,81,463491,20th Century Fox,PG,113746621,1,0,0,1,0,0,1,0,0,0,1,1,0,0,0,0,0,0,0,0,0,0,0,0
NIGHT BEFORE,3/1/2016,10,102,79309,Sony Pictures,R,43047372,0,0,0,1,0,0,1,0,0,0,0,1,0,0,0,0,0,0,0,0,0,0,0,0
NIGHTCRAWLER,2/10/2015,7,102,85469,Universal Studios,R,32381217,0,3,0,0,0,0,0,1,0,1,0,0,0,0,0,0,0,0,0,0,0,1,0,0
NO ESCAPE,11/24/2015,48,90,93483,OTHER,R,27288872,0,0,1,0,0,0,0,0,0,0,0,0,0,0,0,0,0,0,0,0,0,1,0,0
NO GOOD DEED,1/6/2015,2,116,106452,Sony Pictures,PG-13,52543632,0,0,0,0,0,0,0,1,0,1,0,0,0,0,0,0,0,0,0,0,0,1,0,0
NO MANCHES FRIDA,12/27/2016,53,116,2636,Lionsgate,PG-13,11528613,1,0,0,0,0,0,1,0,0,0,0,0,0,0,0,0,0,0,0,0,0,0,0,0
NOAH,7/29/2014,31,123,435072,Paramount Pictures,PG-13,101200044,0,0,1,1,0,0,0,0,0,1,0,0,0,0,0,0,0,0,0,0,0,0,0,0
NOCTURNAL ANIMALS,2/21/2017,8,74,38225,Universal Studios,R,10663357,0,1,0,0,0,0,0,1,0,1,0,0,0,0,0,0,0,1,0,0,0,1,0,0
NON-STOP,6/10/2014,24,102,321565,Universal Studios,PG-13,91742160,0,0,1,0,0,0,0,0,0,0,0,0,0,0,0,0,1,0,0,0,0,1,0,0
NORM OF THE NORTH,4/19/2016,17,95,51056,Lionsgate,PG,17062499,0,0,0,1,1,0,1,0,0,0,1,0,0,0,0,0,0,0,0,0,0,0,0,0
NOW YOU SEE ME 2,9/6/2016,37,88,222873,Lionsgate,PG-13,65075540,1,0,1,1,0,0,1,1,0,0,0,0,0,0,0,0,1,0,0,0,0,1,0,0
NUT JOB,4/15/2014,16,88,352833,Universal Studios,PG,59809075,1,0,0,1,1,0,1,1,0,0,1,0,0,0,0,0,0,0,0,0,0,0,0,0
NUT JOB 2: NUTTY BY NATURE,11/14/2017,46,95,41757,Universal Studios,PG,27845427,1,0,1,1,1,0,1,0,0,0,1,1,0,0,0,0,0,0,0,0,0,0,0,0
OCEAN'S 8,9/11/2018,37,95,130523,Warner Bros.,PG-13,140218711,1,0,1,0,0,0,1,1,0,0,0,0,0,0,0,0,0,0,0,0,0,1,0,0
OFFICE CHRISTMAS PARTY,4/4/2017,14,116,81877,Paramount Pictures,R,54767494,0,0,0,0,0,0,1,0,0,0,0,0,0,0,0,0,0,0,0,0,0,0,0,0
ONLY THE BRAVE,2/6/2018,6,109,81830,Sony Pictures,PG-13,18340051,0,0,0,0,0,1,0,0,0,1,0,0,0,0,0,0,0,0,0,0,0,0,0,0
OPERATION FINALE,12/4/2018,49,97,20764,MGM,PG-13,17612099,1,0,0,0,0,1,0,0,0,1,0,0,1,0,0,0,0,0,0,0,0,1,0,0
OTHER SIDE OF THE DOOR,6/7/2016,24,95,4312,20th Century Fox,R,3000342,0,0,0,0,0,0,0,0,0,0,0,0,0,1,0,0,0,0,0,0,0,0,0,0
OTHER WOMAN,7/29/2014,31,95,254957,20th Century Fox,PG-13,83911193,0,0,0,0,0,0,1,0,0,0,0,0,0,0,0,0,0,1,0,0,0,0,0,0
OUIJA,2/3/2015,6,102,110079,Universal Studios,PG-13,51066860,1,0,0,0,0,0,0,0,0,0,0,0,0,1,0,0,0,0,0,0,0,1,0,0
OUIJA 2,1/17/2017,3,88,35858,Universal Studios,PG-13,35144505,1,0,0,0,0,0,0,0,0,0,0,0,0,1,0,0,0,0,0,0,0,1,0,0
OUR BRAND IS CRISIS,2/2/2016,6,95,24995,Warner Bros.,R,7002261,0,0,0,0,0,0,1,0,0,1,0,0,0,0,0,0,0,0,0,0,0,0,0,0
OUR KIND OF TRAITOR,10/18/2016,43,158,6362,Lionsgate,R,3153157,0,0,0,0,0,0,0,1,0,1,0,0,0,0,0,0,0,0,0,0,0,1,0,0
OVERBOARD,7/31/2018,31,88,76738,Lionsgate,PG-13,50316123,0,0,0,0,0,0,1,0,0,0,0,0,0,0,0,0,0,1,0,0,0,0,0,0
PACIFIC RIM: UPRISING,6/19/2018,25,88,219823,Universal Studios,PG-13,56062031,1,0,1,1,0,0,0,0,0,0,0,0,0,0,0,0,0,0,1,0,0,0,0,0
PADDINGTON,4/28/2015,18,102,244680,OTHER,PG,76223578,1,0,0,1,0,0,1,0,0,0,1,1,0,0,0,0,0,0,0,0,0,0,0,0
PADDINGTON 2,4/24/2018,17,102,63226,Warner Bros.,PG,40442052,1,0,0,1,1,0,1,0,0,0,1,1,0,0,0,0,0,0,0,0,0,0,0,0
PAN,12/22/2015,52,74,156370,Warner Bros.,PG,32243420,0,0,0,1,0,0,0,0,0,0,1,1,0,0,0,0,0,0,0,0,0,0,0,0
PAPER TOWNS,10/20/2015,43,88,50315,20th Century Fox,PG-13,32000304,0,0,0,0,0,0,1,0,0,1,0,0,0,0,0,0,1,1,0,0,0,0,0,0
PARANORMAL ACTIVITY - GHOST DIMENSION,1/12/2016,3,81,24165,Paramount Pictures,R,15544603,1,0,0,0,0,0,0,0,0,0,0,0,0,1,0,0,0,0,0,0,0,0,0,0
PARANORMAL ACTIVITY-THE MARKED ONES,4/8/2014,15,95,50002,Paramount Pictures,R,32462372,1,0,0,0,0,0,0,0,0,0,0,0,0,1,0,0,0,0,0,0,0,1,0,0
PARIS CAN WAIT,9/5/2017,36,116,4100,Sony Pictures,PG,5617731,0,0,0,0,0,0,1,0,0,1,0,0,0,0,0,0,0,1,0,0,0,0,0,0
PASSENGERS,3/14/2017,11,83,418017,Sony Pictures,PG-13,94015789,0,0,0,0,0,0,0,0,0,1,0,0,0,0,0,0,0,1,1,0,0,1,0,0
PATERSON,4/4/2017,14,138,3621,Universal Studios,R,2152738,0,1,0,0,0,0,1,0,0,1,0,0,0,0,0,0,0,1,0,0,0,0,0,0
PATRIOTS DAY,3/28/2017,13,74,181028,Lionsgate,R,31886361,0,0,1,0,0,0,0,1,0,1,0,0,1,0,0,0,0,0,0,0,0,1,0,0
PAUL BLART-MALL COP 2,7/14/2015,29,88,149424,Sony Pictures,PG,71091594,1,0,1,0,0,0,1,1,0,0,1,0,0,0,0,0,0,0,0,0,0,0,0,0
"PAUL, APOSTLE OF CHRIST",6/19/2018,25,88,65771,Sony Pictures,PG-13,17560475,0,0,0,1,0,1,0,0,0,1,0,0,1,0,0,0,0,0,0,0,0,0,0,0
PAWN SACRIFICE,12/22/2015,52,88,9799,Universal Studios,PG-13,2436635,0,0,0,0,0,1,0,0,0,1,0,0,0,0,0,0,0,0,0,0,1,1,0,0
PEANUTS MOVIE,3/8/2016,11,123,470108,20th Century Fox,G,122262432,1,0,0,1,1,0,1,0,0,0,1,0,0,0,0,0,0,0,0,0,0,0,0,0
PENGUINS OF MADAGASCAR,3/17/2015,12,111,364545,DreamWorks,PG,78447667,1,0,0,1,1,0,1,0,0,0,1,0,0,0,0,0,0,0,1,0,0,0,0,0
PEPPERMINT,12/11/2018,50,95,96814,Universal Studios,R,35418723,0,0,1,0,0,0,0,0,0,1,0,0,0,0,0,0,0,0,0,0,0,1,0,0
PERFECT GUY,12/29/2015,53,109,122561,Sony Pictures,PG-13,57027435,0,0,0,0,0,0,0,0,0,1,0,0,0,0,0,0,0,0,0,0,0,1,0,0
PETER RABBIT,5/1/2018,18,81,250437,Sony Pictures,PG,115253425,1,0,0,1,1,0,1,0,0,0,1,1,0,0,0,0,0,0,0,0,0,0,0,0
PETES DRAGON,11/29/2016,49,109,306398,Walt Disney Studios,PG,72749684,1,0,1,1,0,0,1,0,0,0,1,1,0,0,0,0,0,0,0,0,0,0,0,0
PHANTOM THREAD,4/10/2018,15,106,23644,Universal Studios,R,21051680,0,0,0,0,0,0,0,0,0,1,0,0,0,0,0,0,0,1,0,0,0,0,0,0
PHOENIX FORGOTTEN,8/1/2017,31,102,7563,20th Century Fox,PG-13,3600146,0,0,0,0,0,0,0,0,0,0,0,0,0,1,0,0,1,0,1,0,0,1,0,0
PIRATES OF THE CARIBBEAN: DEAD MEN TELL NO TALES,10/3/2017,40,130,586087,Walt Disney Studios,PG-13,162650815,1,0,1,1,0,0,0,0,0,0,0,1,0,0,0,0,0,0,0,0,0,0,0,0
PITCH PERFECT 3,3/20/2018,12,88,291426,Universal Studios,PG-13,104897530,1,0,0,0,0,0,1,0,0,0,0,0,0,0,1,0,0,0,0,0,0,0,0,0
PIXELS,10/27/2015,44,95,233769,Sony Pictures,PG-13,71675289,0,0,1,0,0,0,1,0,0,0,0,0,0,0,0,0,0,0,1,0,0,0,0,0
PLANES FIRE AND RESCUE,11/4/2014,45,109,333014,Walt Disney Studios,PG,56595935,1,0,0,1,1,0,1,0,0,0,1,0,0,0,0,0,0,0,0,0,0,0,0,0
POINT BREAK,3/29/2016,14,95,81305,Warner Bros.,R,25615407,1,0,1,0,0,0,0,1,0,0,0,0,0,0,0,0,0,0,0,0,0,1,0,0
POLTERGEIST,9/29/2015,40,130,91768,20th Century Fox,PG-13,42178105,1,0,0,0,0,0,0,0,0,0,0,0,0,1,0,0,0,0,0,0,0,1,0,0
POMPEII,5/20/2014,21,88,104948,Sony Pictures,PG-13,19571875,0,0,1,1,0,0,0,0,0,1,0,0,1,0,0,0,0,1,0,0,0,0,0,0
POPSTAR-NEVER STOP STOPPING,9/13/2016,38,102,15277,Universal Studios,R,9639125,0,0,0,0,0,0,1,0,0,0,0,0,0,0,1,0,0,0,0,0,0,0,0,0
POST,4/17/2018,16,95,85844,20th Century Fox,PG-13,81903458,0,0,0,0,0,1,0,0,0,1,0,0,1,0,0,0,0,0,0,0,0,1,0,0
POWER RANGERS,6/27/2017,26,95,270481,Lionsgate,PG-13,85364450,1,0,1,1,0,0,0,0,0,0,0,0,0,0,0,0,0,0,1,0,0,0,0,0
PRIDE AND PREJUDICE AND ZOMBIE,5/31/2016,23,116,71246,Sony Pictures,PG-13,10938134,0,0,1,0,0,0,0,0,0,0,0,0,0,1,0,0,0,1,0,0,0,0,0,0
PROJECT ALMANAC,6/9/2015,24,130,48161,Paramount Pictures,PG-13,22348241,0,0,0,0,0,0,0,0,0,1,0,0,0,0,0,0,1,0,1,0,0,1,0,0
PROMISE,7/18/2017,29,88,10312,Universal Studios,PG-13,8224288,0,0,0,0,0,0,0,0,0,1,0,0,1,0,0,0,0,0,0,0,0,0,0,0
PROUD MARY,4/10/2018,15,88,43798,Sony Pictures,R,20868638,0,0,1,0,0,0,0,1,0,0,0,0,0,0,0,0,0,0,0,0,0,1,0,0
PURGE-ANARCHY,10/21/2014,43,95,102554,Universal Studios,R,71562550,1,0,1,0,0,0,0,0,0,0,0,0,0,1,0,0,0,0,0,0,0,1,0,0
PURGE-ELECTION YEAR,10/4/2016,41,95,85858,Universal Studios,R,79213375,1,0,1,0,0,0,0,0,0,0,0,0,0,1,0,0,0,0,0,0,0,1,0,0
PYRAMID,5/5/2015,19,151,9786,20th Century Fox,R,2753517,0,0,1,1,0,0,0,0,0,0,0,0,0,1,0,0,0,0,0,0,0,1,0,0
QUEEN OF KATWE,1/31/2017,5,123,12111,Walt Disney Studios,PG,8874389,0,0,0,0,0,1,0,0,0,1,0,0,0,0,0,0,0,0,0,0,1,0,0,0
QUESTION OF FAITH,1/2/2018,1,95,8360,Universal Studios,PG,2587072,0,0,0,0,0,0,0,0,0,1,0,0,0,0,0,0,0,0,0,0,0,0,0,0
QUIET ONES,8/19/2014,34,116,25279,Lionsgate,PG-13,8509867,0,0,0,0,0,0,0,0,0,0,0,0,0,1,0,0,0,0,0,0,0,0,0,0
QUIET PLACE,7/10/2018,28,95,203594,Paramount Pictures,PG-13,188024361,0,0,0,0,0,0,0,0,0,1,0,0,0,1,0,0,1,0,1,0,0,1,0,0
RACE,5/31/2016,23,102,32201,Universal Studios,PG-13,19206207,0,0,0,0,0,1,0,0,0,1,0,0,0,0,0,0,0,0,0,0,1,0,0,0
RAID 2,7/8/2014,28,88,29170,Sony Pictures,R,2627209,1,0,1,0,0,0,0,1,0,0,0,0,0,0,0,0,0,0,0,0,0,1,0,0
RAILWAY MAN,8/12/2014,33,81,11545,OTHER,R,4438438,0,0,0,0,0,1,0,0,0,1,0,0,0,0,0,0,0,1,0,0,0,0,1,0
RAMPAGE,7/17/2018,29,95,328392,Warner Bros.,PG-13,95668466,0,0,1,1,0,0,0,0,0,0,0,0,0,0,0,0,0,0,1,0,0,0,0,0
RATCHET AND CLANK,8/23/2016,35,116,25896,Universal Studios,PG,8367853,0,0,1,1,1,0,1,0,0,0,1,1,0,0,0,0,0,0,1,0,0,0,0,0
READY PLAYER ONE,7/24/2018,30,117,365666,Warner Bros.,PG-13,124214707,0,0,1,1,0,0,0,0,0,0,0,0,0,0,0,0,0,0,1,0,0,0,0,0
RED SPARROW,5/22/2018,21,81,119247,20th Century Fox,R,46874505,0,0,1,0,0,0,0,0,0,1,0,0,0,0,0,0,0,0,0,0,0,1,0,0
RESIDENT EVIL-FINAL CHAPTER,5/16/2017,20,109,218733,Sony Pictures,R,23807213,1,0,1,0,0,0,0,0,0,0,0,0,0,1,0,0,0,0,1,0,0,1,0,0
RESURRECTION OF GAVIN STONE,5/2/2017,18,102,8888,Universal Studios,PG,2303792,0,0,0,0,0,0,1,0,0,1,1,0,0,0,0,0,0,1,0,0,0,0,0,0
REVENANT,4/19/2016,17,116,571015,20th Century Fox,R,183637894,0,9,1,1,0,1,0,0,0,1,0,0,0,0,0,0,0,0,0,0,0,0,0,1
RICKI AND THE FLASH,11/24/2015,48,109,39989,Sony Pictures,PG-13,26839498,0,0,0,0,0,0,1,0,0,1,0,0,0,0,1,0,0,0,0,0,0,0,0,0
RIDE ALONG,4/15/2014,16,88,477029,Universal Studios,PG-13,134202565,1,0,1,0,0,0,1,1,0,0,0,0,0,0,0,0,0,0,0,0,0,0,0,0
RIDE ALONG 2,4/26/2016,18,102,192625,Universal Studios,PG-13,91221830,1,0,1,0,0,0,1,0,0,0,0,0,0,0,0,0,0,0,0,0,0,0,0,0
RIDER,8/7/2018,32,116,4195,Sony Pictures,R,2406753,0,0,0,0,0,0,0,0,0,1,0,0,0,0,0,0,0,0,0,0,0,0,0,1
RINGS,5/2/2017,18,88,40395,Paramount Pictures,PG-13,27793018,1,0,0,0,0,0,0,0,0,1,0,0,0,1,0,0,0,1,0,0,0,0,0,0
RIO 2,7/15/2014,29,95,803507,20th Century Fox,G,120900000,1,0,0,1,1,0,1,0,0,0,1,0,0,0,1,1,0,0,0,0,0,0,0,0
RISEN,5/24/2016,22,95,129492,Sony Pictures,PG-13,36880033,0,0,1,1,0,0,0,0,0,1,0,0,0,0,0,0,1,0,0,0,0,0,0,0
ROBOCOP-2014,6/3/2014,23,111,272965,MGM,PG-13,58607007,1,0,1,0,0,0,0,1,0,0,0,0,0,0,0,0,0,0,1,0,0,1,0,0
ROCK DOG,5/23/2017,21,88,39452,Lionsgate,PG,9420546,0,0,0,1,1,0,1,0,0,0,1,0,0,0,1,0,0,0,0,0,0,0,0,0
ROCK THE KASBAH,2/2/2016,6,102,8127,Universal Studios,R,3020664,0,0,0,0,0,0,1,0,0,0,0,0,0,0,1,0,0,0,0,0,0,0,1,0
ROGUE ONE-A STAR WARS STORY,4/4/2017,14,109,1985890,Walt Disney Studios,PG-13,471259747,1,0,1,1,0,0,0,0,0,0,0,0,0,0,0,0,0,0,1,0,0,0,0,0
"ROMAN J. ISRAEL, ESQ.",2/13/2018,7,83,21323,Sony Pictures,PG-13,11961105,0,0,0,0,0,0,0,1,0,1,0,0,0,0,0,0,0,0,0,0,0,0,0,0
ROSEWATER,2/10/2015,7,88,4276,Universal Studios,R,3128941,0,0,0,0,0,1,0,0,0,1,0,0,0,0,0,0,0,0,0,0,0,0,0,0
ROUGH NIGHT,9/5/2017,36,81,33793,Sony Pictures,R,22092592,0,0,0,0,0,0,1,1,0,0,0,0,0,0,0,0,0,0,0,0,0,1,0,0
RULES DONT APPLY,2/28/2017,9,97,5431,20th Century Fox,PG-13,3652206,0,0,0,0,0,0,1,0,0,1,0,0,0,0,0,0,0,1,0,0,0,0,0,0
RUN ALL NIGHT,6/16/2015,25,95,100368,Warner Bros.,R,26461644,0,0,1,0,0,0,0,1,0,1,0,0,0,0,0,0,0,0,0,0,0,1,0,0
SABOTAGE,7/22/2014,30,116,113278,Universal Studios,R,10508518,0,0,1,0,0,0,0,1,0,1,0,0,0,0,0,0,0,0,0,0,0,1,0,0
SALESMAN,5/2/2017,18,95,1050,Sony Pictures,PG-13,2402067,0,0,1,1,0,0,0,1,0,1,0,0,0,0,0,0,0,0,0,0,0,1,1,0
SAME KIND OF DIFFERENT AS ME,2/20/2018,8,123,17160,Paramount Pictures,PG-13,6423605,0,0,0,0,0,1,0,0,0,1,0,0,0,0,0,0,0,0,0,0,0,0,0,0
SAMSON,5/15/2018,20,88,23392,Universal Studios,PG-13,4719928,0,0,1,0,0,0,0,0,0,1,0,0,0,0,0,0,0,0,0,0,0,0,0,0
SAN ANDREAS,10/13/2015,42,137,563349,Warner Bros.,PG-13,137985446,0,0,1,1,0,0,0,0,0,1,0,0,0,0,0,0,0,0,0,0,0,1,0,0
SAUSAGE PARTY,11/8/2016,46,88,310998,Sony Pictures,R,97685686,0,0,0,1,1,0,1,0,0,0,0,1,0,0,0,0,0,0,0,0,0,0,0,0
SCOUTS GUIDE TO THE ZOMBIE APOCALYPSE,1/5/2016,2,67,24684,Paramount Pictures,R,3703046,0,0,1,0,0,0,1,0,0,0,0,0,0,1,0,0,0,0,0,0,0,0,0,0
SEARCHING,11/27/2018,48,88,15086,OTHER,PG-13,26020957,0,0,0,0,0,0,0,0,0,1,0,0,0,0,0,0,1,0,0,0,0,1,0,0
SECOND BEST EXOTIC MARIGOLD HOTEL,7/14/2015,29,130,56650,20th Century Fox,PG,33078266,0,0,0,0,0,0,1,0,0,1,0,0,0,0,0,0,0,0,0,0,0,0,0,0
SECRET LIFE OF PETS,12/6/2016,50,151,1405967,Universal Studios,PG,352428745,0,0,0,1,1,0,1,0,0,0,1,0,0,0,0,0,0,0,0,0,0,0,0,0
SELF/LESS,11/10/2015,46,123,52683,Universal Studios,PG-13,12279691,0,0,1,0,0,0,0,0,0,0,0,0,0,0,0,0,1,0,1,0,0,1,0,0
SELMA,5/5/2015,19,131,112109,Paramount Pictures,PG-13,52076908,0,1,0,0,0,1,0,0,0,1,0,0,1,0,0,0,0,0,0,0,0,0,0,0
SEVENTH SON,5/26/2015,22,109,120131,Universal Studios,PG-13,15222800,0,0,1,1,0,0,0,0,0,0,0,1,0,0,0,0,0,0,0,0,0,0,0,0
SEX TAPE,10/21/2014,43,95,85886,Sony Pictures,R,38543473,0,0,0,0,0,0,1,0,0,0,0,0,0,0,0,0,0,1,0,0,0,0,0,0
SHACK,5/30/2017,22,88,271743,Lionsgate,PG-13,57386418,0,0,0,0,0,0,0,0,0,1,0,1,0,0,0,0,0,0,0,0,0,0,0,0
SHALLOWS,9/27/2016,40,95,97358,Sony Pictures,PG-13,55124043,0,0,0,0,0,0,0,0,0,1,0,0,0,1,0,0,0,0,0,0,0,1,0,0
SHAPE OF WATER,3/13/2018,11,81,163625,20th Century Fox,R,63859435,0,0,0,1,0,0,0,0,0,1,0,1,0,0,0,0,0,1,0,0,0,1,0,0
SHAUN THE SHEEP,11/24/2015,48,111,48180,Lionsgate,PG,19376000,1,0,0,1,1,0,1,0,0,0,1,1,0,0,0,0,0,0,0,0,0,0,0,0
SHERLOCK GNOMES,6/12/2018,24,81,84578,Paramount Pictures,PG,42671186,0,0,0,1,1,0,1,0,0,0,1,1,0,0,0,0,1,1,0,0,0,0,0,0
SHOW DOGS,8/21/2018,34,95,16918,Universal Studios,PG,17744685,0,0,0,1,0,0,1,0,0,0,1,0,0,0,0,0,0,0,0,0,0,0,0,0
SHUT IN,2/28/2017,9,109,22865,20th Century Fox,PG-13,6900335,0,0,0,0,0,0,0,0,0,1,0,0,0,0,0,0,1,0,0,0,0,1,0,0
SICARIO,1/5/2016,2,109,147631,Lionsgate,R,46889293,0,0,1,0,0,0,0,1,0,1,0,0,0,0,0,0,1,0,0,0,0,1,0,0
SICARIO: DAY OF THE SOLDADO,10/2/2018,40,95,108905,OTHER,R,50072235,1,0,1,0,0,0,0,1,0,1,0,0,0,0,0,0,0,0,0,0,0,1,0,0
SILENCE,3/28/2017,13,74,26614,Paramount Pictures,R,7100177,0,2,0,1,0,0,0,0,0,1,0,0,1,0,0,0,0,0,0,0,0,0,0,0
SING,3/21/2017,12,90,1220639,Universal Studios,PG,258811960,0,0,0,0,1,0,1,0,0,0,1,0,0,0,1,1,0,0,0,0,0,0,0,0
SING STREET,7/26/2016,31,131,5293,OTHER,PG-13,3237118,0,0,0,0,0,0,1,0,0,1,0,0,0,0,1,0,0,1,0,0,0,0,0,0
SINISTER 2,1/12/2016,3,144,36787,Universal Studios,R,27740955,1,0,0,0,0,0,0,0,0,0,0,0,0,1,0,0,1,0,0,0,0,1,0,0
SISTERS,3/15/2016,12,88,157049,Universal Studios,R,87044645,0,0,0,0,0,0,1,0,0,0,0,0,0,0,0,0,0,0,0,0,0,0,0,0
SKELETON TWINS,12/16/2014,51,95,15951,Lionsgate,R,5284309,0,2,0,0,0,0,1,0,0,1,0,0,0,0,0,0,0,1,0,0,0,0,0,0
SKYSCRAPER,10/9/2018,41,88,224712,Universal Studios,PG-13,68420120,0,0,1,1,0,0,0,1,0,0,0,0,0,0,0,0,0,0,0,0,0,1,0,0
SLEEPLESS,4/18/2017,16,95,75293,Universal Studios,R,20783704,0,0,1,0,0,0,0,1,0,0,0,0,0,0,0,0,0,0,0,0,0,1,0,0
SLEIGHT,8/1/2017,31,95,5461,Universal Studios,R,3986245,0,0,1,0,0,0,0,0,0,1,0,0,0,0,0,0,0,0,1,0,0,1,0,0
SLENDER MAN,11/20/2018,47,102,20684,OTHER,PG-13,30569484,0,0,0,0,0,0,0,0,0,0,0,0,0,1,0,0,1,0,0,0,0,1,0,0
SMALLFOOT,12/11/2018,50,74,218600,Warner Bros.,PG,83229217,0,0,0,1,1,0,1,0,0,0,1,1,0,0,1,1,0,0,0,0,0,0,0,0
SMURFS-THE LOST VILLAGE,7/11/2017,28,95,211068,Sony Pictures,PG,43221523,1,0,0,1,1,0,1,0,0,0,1,1,0,0,0,0,0,0,0,0,0,0,0,0
SNATCHED,8/8/2017,32,88,131133,20th Century Fox,R,45852178,0,0,1,1,0,0,1,0,0,0,0,0,0,0,0,0,0,0,0,0,0,0,0,0
SNOWDEN,12/27/2016,53,102,42080,Universal Studios,R,21587519,0,0,0,0,0,1,0,0,0,1,0,0,0,0,0,0,0,0,0,0,0,1,0,0
SNOWMAN,1/16/2018,3,88,31719,Universal Studios,R,6700035,0,0,0,0,0,0,0,1,0,1,0,0,0,0,0,0,1,0,0,0,0,1,0,0
SOLO: A STAR WARS STORY,9/25/2018,39,123,711737,Walt Disney Studios,PG-13,213767512,1,0,1,1,0,0,0,0,0,0,0,1,0,0,0,0,0,0,1,0,0,0,0,0
SON OF GOD,6/3/2014,23,95,191956,20th Century Fox,PG-13,59700064,0,0,0,0,0,1,0,0,0,1,0,0,1,0,0,0,0,0,0,0,0,0,0,0
SOUTHPAW,10/27/2015,44,95,130732,OTHER,R,52421953,0,0,0,0,0,0,0,0,0,1,0,0,0,0,0,0,0,0,0,0,1,0,0,0
SOUTHSIDE WITH YOU,12/13/2016,51,109,10441,Lionsgate,PG-13,6304223,0,0,0,0,0,1,0,0,0,1,0,0,1,0,0,0,0,1,0,0,0,0,0,0
SPACE BETWEEN US,5/16/2017,20,102,28726,Universal Studios,PG-13,7885294,0,0,0,1,0,0,0,0,0,1,0,0,0,0,0,0,0,1,1,0,0,0,0,0
SPARE PARTS,5/5/2015,19,109,12430,Lionsgate,PG-13,3618912,0,0,0,0,0,0,0,0,0,1,0,0,0,0,0,0,0,0,0,0,0,0,0,0
SPECTRE,2/9/2016,7,95,674013,MGM,PG-13,200074609,1,0,1,1,0,0,0,0,0,0,0,0,0,0,0,0,0,0,0,0,0,1,0,0
SPIDER-MAN: HOMECOMING,10/17/2017,42,102,667345,Sony Pictures,PG-13,313981024,1,0,1,1,0,0,0,0,0,0,0,0,0,0,0,0,0,0,1,0,0,0,0,0
SPLIT,4/18/2017,16,88,164194,Universal Studios,PG-13,138291365,0,0,0,0,0,0,0,0,0,0,0,0,0,1,0,0,0,0,0,0,0,1,0,0
SPOTLIGHT,2/23/2016,9,109,52268,Universal Studios,R,45055776,0,24,0,0,0,0,0,1,0,1,0,0,1,0,0,0,0,0,0,0,0,0,0,0
SPY,9/29/2015,40,116,251109,20th Century Fox,R,110825712,0,0,1,0,0,0,1,1,0,0,0,0,0,0,0,0,0,0,0,0,0,0,0,0
ST VINCENT,2/17/2015,8,116,100870,OTHER,PG-13,44137712,0,0,0,0,0,0,1,0,0,1,0,0,0,0,0,0,0,0,0,0,0,0,0,0
STAR,2/20/2018,8,95,89014,Sony Pictures,PG,40847995,0,0,0,1,1,0,1,0,0,0,1,1,0,0,0,0,0,0,0,0,0,0,0,0
STAR TREK BEYOND,11/1/2016,45,102,633625,Paramount Pictures,PG-13,141933860,1,0,1,1,0,0,0,0,0,0,0,0,0,0,0,0,0,0,1,0,0,1,0,0
STAR WARS: THE LAST JEDI,3/27/2018,13,102,1878041,Walt Disney Studios,PG-13,573346966,1,0,1,1,0,0,0,0,0,0,0,1,0,0,0,0,0,0,1,0,0,0,0,0
STEP UP-ALL IN,11/4/2014,45,88,51392,Lionsgate,PG-13,12860814,1,0,0,0,0,0,0,0,0,1,0,0,0,0,1,0,0,1,0,0,0,0,0,0
STEVE JOBS,2/16/2016,8,116,32291,Universal Studios,R,17766658,0,4,0,0,0,1,0,0,0,1,0,0,0,0,0,0,0,0,0,0,0,0,0,0
STILL ALICE,5/12/2015,20,116,38758,Sony Pictures,PG-13,18765460,0,6,0,0,0,0,0,0,0,1,0,0,0,0,0,0,0,0,0,0,0,0,0,0
STORKS,12/20/2016,52,88,367314,Warner Bros.,PG,69565772,0,0,0,1,1,0,1,0,0,0,1,1,0,0,0,0,0,0,0,0,0,0,0,0
STRAIGHT OUTTA COMPTON,1/19/2016,4,158,529953,Universal Studios,R,161197785,0,0,0,0,0,1,0,0,0,1,0,0,1,0,1,0,0,0,0,0,0,0,0,0
STRANGE MAGIC,5/19/2015,21,116,33743,Walt Disney Studios,PG,12429583,0,0,0,1,1,0,1,0,0,0,1,1,0,0,1,1,0,1,0,0,0,0,0,0
STRANGERS: PREY AT NIGHT,6/12/2018,24,95,26587,Universal Studios,R,24586708,0,0,0,0,0,0,0,0,0,0,0,0,0,1,0,0,0,0,0,0,0,0,0,0
STRONGER,12/19/2017,51,88,29265,Lionsgate,R,4211129,0,0,0,0,0,1,0,0,0,1,0,0,0,0,0,0,0,0,0,0,0,0,0,0
SUBURBICON,2/6/2018,6,102,16088,Paramount Pictures,R,5775178,0,0,0,0,0,0,1,1,0,1,0,0,0,0,0,0,1,0,0,0,0,1,0,0
SUFFRAGETTE,2/2/2016,6,113,9232,Universal Studios,PG-13,4702420,0,0,0,0,0,1,0,0,0,1,0,0,1,0,0,0,0,0,0,0,0,0,0,0
SUICIDE SQUAD,12/13/2016,51,130,1108999,Warner Bros.,PG-13,296189950,1,0,1,1,0,0,0,0,0,0,0,1,0,0,0,0,0,0,1,0,0,0,0,0
SULLY,12/20/2016,52,102,409028,Warner Bros.,PG-13,125070033,0,0,0,0,0,1,0,0,0,1,0,0,0,0,0,0,0,0,0,0,0,0,0,0
SUPER TROOPERS 2,7/17/2018,29,88,119244,20th Century Fox,R,30617396,1,0,0,0,0,0,1,1,0,0,0,0,0,0,0,0,1,0,0,0,0,0,0,0
SUPERFLY,9/11/2018,37,90,19314,Sony Pictures,R,20545116,0,0,1,0,0,0,0,1,0,0,0,0,0,0,0,0,0,0,0,0,0,1,0,0
T2-TRAINSPOTTING,6/27/2017,26,88,14876,Sony Pictures,R,2402004,1,0,0,0,0,0,0,0,0,1,0,0,0,0,0,0,0,0,0,0,0,0,0,0
TABLE 19,6/13/2017,24,102,9421,20th Century Fox,PG-13,3614896,0,0,0,0,0,0,1,0,0,1,0,0,0,0,0,0,0,1,0,0,0,0,0,0
TAG,8/28/2018,35,74,82884,Warner Bros.,R,54547470,0,0,0,0,0,0,1,0,0,0,0,0,0,0,0,0,0,0,0,0,0,0,0,0
TAKEN 3,4/21/2015,17,102,375902,20th Century Fox,PG-13,89256424,1,0,1,0,0,0,0,0,0,0,0,0,0,0,0,0,0,0,0,0,0,1,0,0
TAMMY,11/11/2014,46,132,247960,Warner Bros.,R,84525432,0,0,0,0,0,0,1,0,0,0,0,0,0,0,0,0,0,1,0,0,0,0,0,0
TED 2,12/15/2015,51,172,346084,Universal Studios,R,81476385,1,0,0,0,0,0,1,0,0,0,0,0,0,0,0,0,0,0,0,0,0,0,0,0
TEEN TITANS! GO TO THE MOVIES,10/30/2018,44,95,35121,Warner Bros.,PG,29790236,0,0,1,0,1,0,1,0,0,0,1,0,0,0,1,1,0,0,1,0,0,0,0,0
TEENAGE MUTANT NINJA TURTLES,12/16/2014,51,130,1467353,Paramount Pictures,PG-13,173324913,1,0,1,1,0,0,1,0,0,0,0,0,0,0,0,0,0,0,1,0,0,0,0,0
TERMINATOR GENISYS,11/10/2015,46,132,344629,Paramount Pictures,PG-13,77864619,1,0,1,1,0,0,0,0,0,0,0,0,0,0,0,0,0,0,1,0,0,0,0,0
THANK YOU FOR YOUR SERVICE,1/23/2018,4,88,25928,Universal Studios,R,9536300,0,0,0,0,0,1,0,0,0,1,0,0,0,0,0,0,0,0,0,0,0,0,1,0
THAT AWKWARD MOMENT,5/13/2014,20,102,50335,Sony Pictures,R,26068955,0,0,0,0,0,0,1,0,0,0,0,0,0,0,0,0,0,1,0,0,0,0,0,0
THE DARKEST MINDS,10/30/2018,44,88,24726,20th Century Fox,PG-13,12695691,0,0,0,0,0,0,0,0,0,0,0,0,0,0,0,0,0,0,1,0,0,1,0,0
THE EQUALIZER 2,12/11/2018,50,144,284602,OTHER,R,102084362,1,0,1,0,0,0,0,1,0,0,0,0,0,0,0,0,0,0,0,0,0,1,0,0
THE FIRST PURGE,10/2/2018,40,90,52917,Universal Studios,R,69488745,1,0,1,0,0,0,0,0,0,0,0,0,0,1,0,0,0,0,1,0,0,1,0,0
THE HAPPYTIME MURDERS,12/4/2018,49,102,52223,OTHER,R,20706452,0,0,1,0,0,0,1,1,0,0,0,0,0,0,0,0,1,0,0,0,0,1,0,0
THE HOUSE WITH A CLOCK IN ITS WALLS,12/18/2018,51,88,227316,Universal Studios,PG-13,68549695,0,0,0,0,0,0,1,0,0,0,1,1,0,1,0,0,1,0,1,0,0,1,0,0
THE MEG,11/13/2018,46,95,256542,Warner Bros.,PG-13,145443742,0,0,1,0,0,0,0,0,0,0,0,0,0,1,0,0,0,0,1,0,0,1,0,0
THE NUN,12/4/2018,49,88,89380,Warner Bros.,R,117450119,0,0,0,0,0,0,0,0,0,0,0,0,0,1,0,0,1,0,0,0,0,1,0,0
THE PREDATOR,12/18/2018,51,95,216982,20th Century Fox,PG-13,51024708,1,0,1,1,0,0,0,0,0,0,0,0,0,1,0,0,0,0,1,0,0,1,0,0
THE SPY WHO DUMPED ME,10/30/2018,44,88,63509,Lionsgate,R,33562069,0,0,1,1,0,0,1,0,0,0,0,0,0,0,0,0,0,0,0,0,0,0,0,0
THEIR FINEST,7/11/2017,28,529,3847,Lionsgate,PG-13,3603484,0,0,1,0,0,0,0,0,0,1,0,0,1,0,0,0,0,0,0,0,0,1,0,0
THEORY OF EVERYTHING,2/17/2015,8,83,62925,Universal Studios,PG-13,35893537,0,7,0,0,0,1,0,0,0,1,0,0,0,0,0,0,0,1,0,0,0,0,0,0
THINK LIKE A MAN TOO,9/16/2014,38,88,80274,Sony Pictures,PG-13,65182000,0,0,0,0,0,0,1,0,0,0,0,0,0,0,0,0,0,1,0,0,0,0,0,0
THIS IS WHERE I LEAVE YOU,12/16/2014,51,88,61141,Warner Bros.,R,34296320,0,0,0,0,0,0,1,0,0,1,0,0,0,0,0,0,0,0,0,0,0,0,0,0
THOR: RAGNAROK,3/6/2018,10,123,1268876,Walt Disney Studios,PG-13,296914349,1,0,1,1,0,0,1,0,0,0,0,1,0,0,0,0,0,0,1,0,0,0,0,0
THOROUGHBREDS,6/5/2018,23,88,4641,Universal Studios,R,2976330,0,0,0,0,0,0,1,1,0,1,0,0,0,0,0,0,0,0,0,0,0,1,0,0
"THREE BILLBOARDS OUTSIDE EBBING, MISSOURI",2/27/2018,9,109,74347,20th Century Fox,R,54513740,0,0,0,0,0,0,1,1,0,1,0,0,0,0,0,0,0,0,0,0,0,0,0,0
TOMB RAIDER,6/12/2018,24,88,183322,Warner Bros.,PG-13,54992484,1,0,1,1,0,0,0,0,0,0,0,1,0,0,0,0,0,0,0,0,0,1,0,0
TOMORROWLAND,10/13/2015,42,144,263292,Walt Disney Studios,PG,93436322,0,0,1,1,0,0,0,0,0,0,1,1,0,0,0,0,1,0,1,0,0,0,0,0
TOP FIVE,3/17/2015,12,95,33558,Paramount Pictures,R,25317379,0,0,0,0,0,0,1,0,0,0,0,0,0,0,0,0,0,1,0,0,0,0,0,0
TRAFFIK,7/17/2018,29,88,15307,Lionsgate,R,9186156,0,0,0,0,0,0,0,0,0,0,0,0,0,0,0,0,0,0,0,0,0,1,0,0
TRAINWRECK,11/10/2015,46,116,198579,Universal Studios,R,110212700,0,0,0,0,0,0,1,0,0,1,0,0,0,0,0,0,0,1,0,0,0,0,0,0
TRANSCENDENCE,7/22/2014,30,95,109375,Warner Bros.,PG-13,23022309,0,0,0,0,0,0,0,0,0,1,0,0,0,0,0,0,1,1,1,0,0,1,0,0
TRANSFORMERS 4-AGE OF EXTINCTION,9/30/2014,40,95,1312871,Paramount Pictures,PG-13,210502112,1,0,1,1,0,0,0,0,0,0,0,0,0,0,0,0,0,0,1,0,0,0,0,0
TRANSFORMERS: THE LAST KNIGHT,9/26/2017,39,97,469649,Paramount Pictures,PG-13,118481451,1,0,1,1,0,0,0,0,0,0,0,0,0,0,0,0,0,0,1,0,0,0,0,0
TRIPLE 9,5/31/2016,23,95,46643,Universal Studios,R,12639297,0,0,0,0,0,0,0,1,0,0,0,0,0,0,0,0,0,0,0,0,0,1,0,0
TROLLS,2/7/2017,6,95,1085786,DreamWorks,PG,146244456,0,0,0,1,1,0,1,0,0,0,1,1,0,0,1,1,0,0,0,0,0,0,0,0
TRUE STORY,8/4/2015,32,109,8434,20th Century Fox,R,4719695,0,0,0,0,0,0,0,1,0,1,0,0,0,0,0,0,1,0,0,0,0,1,0,0
TRUMBO,2/16/2016,8,102,11538,Universal Studios,R,7857742,0,0,0,0,0,1,0,0,0,1,0,0,0,0,0,0,0,0,0,0,0,0,0,0
TRUTH,2/2/2016,6,95,4972,Sony Pictures,R,2541854,0,0,0,0,0,1,0,0,0,1,0,0,1,0,0,0,0,0,0,0,0,0,0,0
TULIP FEVER,11/28/2017,48,88,6605,Lionsgate,R,2425664,0,0,0,0,0,0,0,0,0,1,0,0,1,0,0,0,0,1,0,0,0,0,0,0
TULLY,7/31/2018,31,88,13046,Universal Studios,R,9334930,0,0,0,0,0,0,1,0,0,1,0,0,0,0,0,0,1,0,0,0,0,0,0,0
TYLER PERRY'S ACRIMONY,6/26/2018,26,88,82883,Lionsgate,R,43549096,0,0,0,0,0,0,0,0,0,1,0,0,0,1,0,0,0,1,0,0,0,1,0,0
TYLER PERRYS SINGLE MOMS CLUB,7/22/2014,30,130,92187,Lionsgate,PG-13,15973881,0,0,0,0,0,0,1,0,0,1,0,0,0,0,0,0,0,0,0,0,0,0,0,0
UN PADRE NO TAN PADRE,6/13/2017,24,137,288,Lionsgate,PG-13,2156047,0,0,0,0,0,0,1,0,0,0,0,0,0,0,0,0,0,0,0,0,0,0,0,0
UNBROKEN,3/24/2015,13,89,284584,Universal Studios,PG-13,115637895,0,1,0,0,0,1,0,0,0,1,0,0,0,0,0,0,0,0,0,0,1,0,1,0
UNBROKEN: PATH TO REDEMPTION,12/11/2018,50,88,23659,Universal Studios,PG-13,6216897,1,0,0,0,0,1,0,0,0,1,0,0,0,0,0,0,0,0,0,0,0,0,0,0
UNCLE DREW,9/25/2018,39,88,64283,Lionsgate,PG-13,42469946,0,0,0,0,0,0,1,0,0,0,0,0,0,0,0,0,0,0,0,0,1,0,0,0
UNFINISHED BUSINESS,6/16/2015,25,102,34548,20th Century Fox,R,10219501,0,0,0,0,0,0,1,0,0,1,0,0,0,0,0,0,0,0,0,0,0,0,0,0
UNFORGETTABLE,7/25/2017,30,95,21680,Warner Bros.,R,11368012,0,0,0,0,0,0,0,0,0,1,0,0,0,0,0,0,0,0,0,0,0,1,0,0
UNFRIENDED,8/11/2015,33,116,39234,Universal Studios,R,32789645,1,0,0,0,0,0,0,0,0,0,0,0,0,1,0,0,1,0,0,0,0,0,0,0
UNFRIENDED: DARK WEB,10/23/2018,43,95,10607,OTHER,R,8866745,1,0,0,0,0,0,0,0,0,0,0,0,0,1,0,0,1,0,0,0,0,0,0,0
UNITED KINGDOM,6/6/2017,23,116,2097,20th Century Fox,PG-13,3902185,0,0,0,0,0,1,0,0,0,1,0,0,0,0,0,0,0,1,0,0,0,0,0,0
UNSANE,6/19/2018,25,88,11023,Universal Studios,R,7732899,0,0,0,0,0,0,0,0,0,0,0,0,0,1,0,0,1,0,0,0,0,1,0,0
UPGRADE,8/28/2018,35,88,32912,Universal Studios,R,11916615,0,0,1,0,0,0,0,0,0,0,0,0,0,0,0,0,0,0,1,0,0,1,0,0
VACATION,11/3/2015,45,97,147318,Warner Bros.,R,58884188,0,0,0,1,0,0,1,0,0,0,0,0,0,0,0,0,0,0,0,0,0,0,0,0
VAMPIRE ACADEMY,5/20/2014,21,102,63712,OTHER,PG-13,7791979,0,0,1,0,0,0,1,0,0,0,0,1,0,1,0,0,1,0,0,0,0,0,0,0
VENOM,12/18/2018,51,74,737710,Sony Pictures,PG-13,213480401,0,0,1,0,0,0,0,0,0,0,0,0,0,0,0,0,0,0,1,0,0,0,0,0
VICTOR FRANKENSTEIN,3/8/2016,11,104,31717,20th Century Fox,PG-13,5775076,0,0,0,0,0,0,0,0,0,1,0,0,0,1,0,0,0,0,1,0,0,1,0,0
VICTORIA AND ABDUL,12/19/2017,51,88,38895,Universal Studios,PG-13,22245070,0,0,0,0,0,1,0,0,0,1,0,0,1,0,0,0,0,0,0,0,0,0,0,0
VISIT,1/5/2016,2,116,74121,Universal Studios,PG-13,65206105,0,0,0,0,0,0,1,0,0,0,0,0,0,1,0,0,1,0,0,0,0,1,0,0
WALK,1/5/2016,2,88,32584,Sony Pictures,PG,7288994,0,0,0,1,0,1,0,0,0,1,0,0,0,0,0,0,0,0,0,0,0,1,0,0
WALK AMONG THE TOMBSTONES,1/13/2015,3,116,138838,Universal Studios,R,26017685,0,0,0,0,0,0,0,1,0,1,0,0,0,0,0,0,1,0,0,0,0,1,0,0
WALK IN THE WOODS,12/29/2015,53,118,94787,Universal Studios,R,29504282,0,0,0,1,0,1,1,0,0,1,0,0,0,0,0,0,0,0,0,0,0,0,0,0
WAR DOGS,11/22/2016,48,95,80609,Warner Bros.,R,43034523,0,0,0,0,0,0,1,1,0,1,0,0,0,0,0,0,0,0,0,0,0,0,1,0
WAR FOR THE PLANET OF THE APES,10/24/2017,43,102,350636,20th Century Fox,PG-13,139112940,1,0,1,1,0,0,0,0,0,1,0,0,0,0,0,0,0,0,1,0,0,1,0,0
WAR ROOM,12/22/2015,52,116,531638,Sony Pictures,PG,67803563,0,0,0,0,0,0,0,0,0,1,0,0,0,0,0,0,0,0,0,0,0,0,0,0
WARCRAFT,9/27/2016,40,109,240702,Universal Studios,PG-13,40617999,0,0,1,1,0,0,0,0,0,0,0,1,0,0,0,0,0,0,0,0,0,0,0,0
WATER DIVINER,7/28/2015,31,95,27808,Warner Bros.,R,4200117,0,0,0,0,0,0,0,0,0,1,0,0,1,0,0,0,0,0,0,0,0,0,1,0
WE ARE YOUR FRIENDS,11/17/2015,47,81,7258,Warner Bros.,R,3591417,0,0,0,0,0,0,0,0,0,1,0,0,0,0,1,0,0,1,0,0,0,0,0,0
WEDDING RINGER,4/28/2015,18,102,97543,Sony Pictures,R,64460211,0,0,0,0,0,0,1,0,0,0,0,0,0,0,0,0,0,0,0,0,0,0,0,0
WHAT IF,11/25/2014,48,102,3769,Sony Pictures,PG-13,3493000,0,0,0,0,0,0,1,0,0,0,0,0,0,0,0,0,0,1,0,0,0,0,0,0
WHAT WE DO IN THE SHADOWS,7/21/2015,30,158,8390,Paramount Pictures,R,3469224,0,0,0,0,0,0,1,0,0,0,0,0,0,1,0,0,0,0,0,0,0,0,0,0
WHEN THE BOUGH BREAKS,12/27/2016,53,109,48461,Sony Pictures,PG-13,29747603,0,0,0,0,0,0,0,1,0,1,0,0,0,1,0,0,1,1,0,0,0,1,0,0
WHEN THE GAME STANDS TALL,12/9/2014,50,109,121670,Sony Pictures,PG,30127963,0,0,0,0,0,0,0,0,0,1,1,0,0,0,0,0,0,0,0,0,1,0,0,0
WHERE TO INVADE NEXT,5/10/2016,20,75,7975,OTHER,R,3827261,0,0,0,0,0,0,1,0,1,0,0,0,0,0,0,0,0,0,0,0,0,0,0,0
WHIPLASH,2/24/2015,9,137,52318,Sony Pictures,R,13153778,0,8,0,0,0,0,0,0,0,1,0,0,0,0,1,0,0,0,0,0,0,0,0,0
WHISKEY TANGO FOXTROT,6/28/2016,27,116,46359,Paramount Pictures,R,23083334,0,0,0,0,0,1,1,0,0,1,0,0,0,0,0,0,0,0,0,0,0,0,1,0
WHITE BOY RICK,12/25/2018,52,102,18692,Sony Pictures,PG-13,24011188,0,0,0,0,0,0,0,1,0,1,0,0,0,0,0,0,0,0,0,0,0,0,0,0
WHY HIM,3/28/2017,13,95,107588,20th Century Fox,R,60323786,0,0,0,0,0,0,1,0,0,0,0,0,0,0,0,0,0,0,0,0,0,0,0,0
WILD,3/31/2015,14,102,112013,20th Century Fox,R,37880356,0,0,0,1,0,1,0,0,0,1,0,0,0,0,0,0,0,0,0,0,0,0,0,0
WILD LIFE,11/29/2016,49,81,22911,Lionsgate,PG,7525454,0,0,0,1,1,0,1,0,0,0,1,0,0,0,0,0,0,0,0,0,0,0,0,0
WINCHESTER,5/1/2018,18,88,62570,Lionsgate,PG-13,25091816,0,0,0,0,0,1,0,0,0,0,0,1,0,1,0,0,1,0,0,0,0,1,0,0
WIND RIVER,11/14/2017,46,88,52086,Lionsgate,R,33800859,0,0,0,0,0,0,0,1,0,1,0,0,0,0,0,0,1,0,0,0,0,1,0,0
WINTERS TALE,6/24/2014,26,130,41030,Warner Bros.,PG-13,12600231,0,0,0,0,0,0,0,0,0,1,0,1,0,0,0,0,1,1,0,0,0,0,0,0
WISH I WAS HERE,10/28/2014,44,102,12153,Universal Studios,R,3591299,0,0,0,0,0,0,1,0,0,1,0,0,0,0,0,0,0,0,0,0,0,0,0,0
WISH UPON,10/10/2017,41,88,13915,OTHER,PG-13,14301505,0,0,0,0,0,0,0,0,0,0,0,1,0,1,0,0,0,0,0,0,0,1,0,0
WOMAN IN GOLD,7/7/2015,28,97,51527,OTHER,PG-13,33307793,0,0,0,0,0,1,0,0,0,1,0,0,1,0,0,0,0,0,0,0,0,0,0,0
WONDER,2/13/2018,7,88,339917,Lionsgate,PG,132422809,0,0,0,0,0,0,0,0,0,1,1,0,0,0,0,0,0,0,0,0,0,0,0,0
WONDER WOMAN,9/19/2017,38,109,1117195,Warner Bros.,PG-13,389567740,1,0,1,1,0,0,0,0,0,0,0,1,0,0,0,0,0,0,1,0,0,0,1,0
WON'T YOU BE MY NEIGHBOR,9/4/2018,36,88,14585,Universal Studios,PG-13,22609437,0,0,0,0,0,1,0,0,1,0,0,0,0,0,0,0,0,0,0,0,0,0,0,0
WOODLAWN,1/19/2016,4,95,66285,Universal Studios,PG,14394097,0,0,0,0,0,0,0,0,0,1,0,0,0,0,0,0,0,0,0,0,1,0,0,0
WORDS AND PICTURES,9/9/2014,37,109,4890,Lionsgate,PG-13,2171257,0,0,0,0,0,0,1,0,0,1,0,0,0,0,0,0,0,1,0,0,0,0,0,0
WRINKLE IN TIME,6/5/2018,23,88,201194,Walt Disney Studios,PG,97290541,0,0,0,1,0,0,0,0,0,0,1,1,0,0,0,0,0,0,1,0,0,0,0,0
X-MEN APOCALYPSE,10/4/2016,41,130,588161,20th Century Fox,PG-13,143154429,1,0,1,1,0,0,0,0,0,0,0,0,0,0,0,0,0,0,1,0,0,0,0,0
X-MEN DAYS OF FUTURE PAST,10/14/2014,42,144,1007888,20th Century Fox,PG-13,212475647,1,0,1,1,0,0,0,0,0,0,0,0,0,0,0,0,0,0,1,0,0,1,0,0
XXX-RETURN OF XANDER CAGE,5/16/2017,20,116,197310,Paramount Pictures,PG-13,40607985,1,0,1,1,0,0,0,0,0,0,0,0,0,0,0,0,0,0,0,0,0,1,0,0
YOU WERE NEVER REALLY HERE,7/17/2018,29,102,5339,Lionsgate,R,2528079,0,0,0,0,0,0,0,1,0,1,0,0,0,0,0,0,1,0,0,0,0,1,0,0
YOUNG MESSIAH,6/14/2016,25,95,17816,Universal Studios,PG-13,6490401,0,0,0,0,0,0,0,0,0,1,0,1,0,0,0,0,0,0,0,0,0,0,0,0
YOUTH,3/1/2016,10,88,635,20th Century Fox,R,2703296,0,0,0,0,0,0,1,0,0,1,0,0,0,0,1,0,0,1,0,0,0,0,0,0
ZOOKEEPERS WIFE,7/4/2017,27,88,39313,Universal Studios,PG-13,17571660,0,0,0,0,0,1,0,0,0,1,0,0,1,0,0,0,0,0,0,0,0,0,1,0
ZOOLANDER 2,5/24/2016,22,102,45106,Paramount Pictures,PG-13,28848693,1,0,0,0,0,0,1,0,0,0,0,0,0,0,0,0,0,0,0,0,0,0,0,0
ZOOTOPIA,6/7/2016,24,95,1601855,Walt Disney Studios,PG,320509588,0,2,0,1,1,0,1,1,0,0,1,0,0,0,0,0,1,0,0,0,0,0,0,0